seed,optimizer,batch,init,lr,weight_error,dist_to_star
0,GD,full,random,0.01,0.32330436535902557,0.3102148304765425
0,GD,full,zero,0.01,0.05499856572191387,0.05843241894420459
0,GD,full,sparse,0.01,0.3549508335183584,0.3446874660745355
0,GD,mini-batch,random,0.01,0.32778237154852463,0.31477434372646673
0,GD,mini-batch,zero,0.01,0.056427408555905466,0.05944187838094715
0,GD,mini-batch,sparse,0.01,0.35705229430350055,0.34658298990737046
0,GD,SGD,random,0.01,0.29284615355387456,0.28145173284137753
0,GD,SGD,zero,0.01,0.06312170941765875,0.06989954954168966
0,GD,SGD,sparse,0.01,0.3426223366571869,0.3329284149797061
0,AdaGrad,full,random,0.01,1.8031983720421916,1.794504050234074
0,AdaGrad,full,zero,0.01,0.2589037547869603,0.26682631843942395
0,AdaGrad,full,sparse,0.01,1.551530714610793,1.5422290713457565
0,AdaGrad,mini-batch,random,0.01,1.8097448460546246,1.8011310815830655
0,AdaGrad,mini-batch,zero,0.01,0.2604252415952237,0.26841745161605773
0,AdaGrad,mini-batch,sparse,0.01,1.5755158967186496,1.5665500489342923
0,AdaGrad,SGD,random,0.01,1.9231296805479736,1.9153667900874296
0,AdaGrad,SGD,zero,0.01,0.2866635566325009,0.29407864761131625
0,AdaGrad,SGD,sparse,0.01,1.7653432413216974,1.7572900222037113
0,RMSProp,full,random,0.01,0.026968463613767295,0.00999999073510003
0,RMSProp,full,zero,0.01,0.026968463613767247,0.009999990735100037
0,RMSProp,full,sparse,0.01,0.024254971841348616,0.009999990735099698
0,RMSProp,mini-batch,random,0.01,0.02838477389981246,0.023741480046603303
0,RMSProp,mini-batch,zero,0.01,0.028384773899812407,0.0237414800466033
0,RMSProp,mini-batch,sparse,0.01,0.02838477389981246,0.023741480046603303
0,RMSProp,SGD,random,0.01,0.06629127440394113,0.061192669897244735
0,RMSProp,SGD,zero,0.01,0.06357082515754715,0.05840662091732995
0,RMSProp,SGD,sparse,0.01,0.0760427357296109,0.07073406039965148
0,Adam,full,random,0.01,0.09606279623044363,0.07913486399485765
0,Adam,full,zero,0.01,0.0236178128106128,2.6429028053532074e-09
0,Adam,full,sparse,0.01,0.023618028474460106,4.770894391570112e-07
0,Adam,mini-batch,random,0.01,0.10326903359987212,0.0867319702452608
0,Adam,mini-batch,zero,0.01,0.023009601389703614,0.00842252307544196
0,Adam,mini-batch,sparse,0.01,0.02233584254024287,0.008480796243018476
0,Adam,SGD,random,0.01,0.25674985465735317,0.24315871017161342
0,Adam,SGD,zero,0.01,0.04730530404884672,0.04873459382610666
0,Adam,SGD,sparse,0.01,0.06612885746911415,0.05504123471783523
0,GD,full,random,0.1,0.023617908248303954,1.6438601707905545e-07
0,GD,full,zero,0.1,0.023617814835588558,2.0097817490094455e-08
0,GD,full,sparse,0.1,0.023617887654502515,1.0974002087123057e-07
0,GD,mini-batch,random,0.1,0.023310517777258084,0.008272923056680434
0,GD,mini-batch,zero,0.1,0.023310418555279645,0.008272893564896081
0,GD,mini-batch,sparse,0.1,0.02331049342999902,0.008272890359084285
0,GD,SGD,random,0.1,0.09509594001209484,0.0908505398479806
0,GD,SGD,zero,0.1,0.09684833182964739,0.09474119969573509
0,GD,SGD,sparse,0.1,0.11320661401239551,0.10454056860843451
0,AdaGrad,full,random,0.1,0.1772392790702366,0.16149916929994568
0,AdaGrad,full,zero,0.1,0.023617916718361148,2.8909343469752583e-07
0,AdaGrad,full,sparse,0.1,0.023757422202036606,0.000308897973808287
0,AdaGrad,mini-batch,random,0.1,0.20284262008730738,0.18765021870711088
0,AdaGrad,mini-batch,zero,0.1,0.02357163075344448,0.006986806514601229
0,AdaGrad,mini-batch,sparse,0.1,0.02379650183447591,0.007136511727623972
0,AdaGrad,SGD,random,0.1,0.5018108262482797,0.4895618918797163
0,AdaGrad,SGD,zero,0.1,0.03876302714664409,0.038200824443839224
0,AdaGrad,SGD,sparse,0.1,0.2048532039442005,0.1945080263566083
0,RMSProp,full,random,0.1,0.09931176525985254,0.09999999073509969
0,RMSProp,full,zero,0.1,0.10607908198282831,0.0999999907351001
0,RMSProp,full,sparse,0.1,0.09931176525985254,0.09999999073509969
0,RMSProp,mini-batch,random,0.1,0.11616202370770008,0.11069440773945674
0,RMSProp,mini-batch,zero,0.1,0.11616202372256942,0.11069440774712597
0,RMSProp,mini-batch,sparse,0.1,0.116162023722138,0.11069440774690349
0,RMSProp,SGD,random,0.1,0.2791087676381991,0.274042989297786
0,RMSProp,SGD,zero,0.1,0.19649981993248788,0.19500400636889695
0,RMSProp,SGD,sparse,0.1,0.3716162698793863,0.3548499783295441
0,Adam,full,random,0.1,0.023617811703326202,2.5476231888929306e-16
0,Adam,full,zero,0.1,0.023617811703326094,2.486410087150353e-16
0,Adam,full,sparse,0.1,0.023617811703326108,2.2929868617541516e-16
0,Adam,mini-batch,random,0.1,0.026530745970452924,0.025202038737747078
0,Adam,mini-batch,zero,0.1,0.030970683395005694,0.0469573172084844
0,Adam,mini-batch,sparse,0.1,0.045426680529118864,0.05785865042118091
0,Adam,SGD,random,0.1,0.28725429875315234,0.2796722085920088
0,Adam,SGD,zero,0.1,0.41186175370991807,0.4009447413922117
0,Adam,SGD,sparse,0.1,0.27639174815415246,0.2624637498582732
1,GD,full,random,0.01,0.36654988382395404,0.376739035593072
1,GD,full,zero,0.01,0.08821073345240427,0.09779630628088497
1,GD,full,sparse,0.01,0.4482220749612551,0.45870191763482515
1,GD,mini-batch,random,0.01,0.3566237190092213,0.3666446457990598
1,GD,mini-batch,zero,0.01,0.08766986622896433,0.09751417745878324
1,GD,mini-batch,sparse,0.01,0.44932689096390066,0.4597844042180837
1,GD,SGD,random,0.01,0.4003341959434479,0.4093373748990159
1,GD,SGD,zero,0.01,0.10832335945183308,0.11723927055103041
1,GD,SGD,sparse,0.01,0.47199636264961253,0.4813409629988164
1,AdaGrad,full,random,0.01,2.0334835630891126,2.043862695987092
1,AdaGrad,full,zero,0.01,0.431377778411558,0.4445462417058213
1,AdaGrad,full,sparse,0.01,1.887212363753246,1.8978818373690682
1,AdaGrad,mini-batch,random,0.01,2.0437340714571186,2.0541066298137065
1,AdaGrad,mini-batch,zero,0.01,0.4320076653647531,0.44517149360487623
1,AdaGrad,mini-batch,sparse,0.01,1.9326290818670533,1.943689436907338
1,AdaGrad,SGD,random,0.01,2.1621890004166513,2.172396235638388
1,AdaGrad,SGD,zero,0.01,0.4750009842016307,0.4880182356384935
1,AdaGrad,SGD,sparse,0.01,2.167784417227903,2.1793619174301813
1,RMSProp,full,random,0.01,0.031701344889225,0.009999990858926316
1,RMSProp,full,zero,0.01,0.031701344889225,0.009999990858926316
1,RMSProp,full,sparse,0.01,0.03237343993771616,0.009999990858927962
1,RMSProp,mini-batch,random,0.01,0.03663035152210977,0.026152008290256375
1,RMSProp,mini-batch,zero,0.01,0.03663035152210978,0.026152008290256403
1,RMSProp,mini-batch,sparse,0.01,0.03663035152210977,0.026152008290256375
1,RMSProp,SGD,random,0.01,0.057231393876438746,0.0558019954284419
1,RMSProp,SGD,zero,0.01,0.08233711919698215,0.08351883399020692
1,RMSProp,SGD,sparse,0.01,0.0647754835935481,0.055386626449182526
1,Adam,full,random,0.01,0.08594495333720108,0.09542734264606702
1,Adam,full,zero,0.01,0.030438389008267033,6.830600328046065e-07
1,Adam,full,sparse,0.01,0.03043616177302508,6.9930903350978274e-06
1,Adam,mini-batch,random,0.01,0.09727876007976424,0.1073035289480172
1,Adam,mini-batch,zero,0.01,0.03110972560488119,0.009774980583896545
1,Adam,mini-batch,sparse,0.01,0.031172537667613947,0.01056714233095701
1,Adam,SGD,random,0.01,0.4194335315897201,0.430600132045918
1,Adam,SGD,zero,0.01,0.06471148604709111,0.061939447616363205
1,Adam,SGD,sparse,0.01,0.14713073990918418,0.1518499764215265
1,GD,full,random,0.1,0.03043850076312447,2.3208930927005283e-07
1,GD,full,zero,0.1,0.030438567509644132,4.744330788633297e-08
1,GD,full,sparse,0.1,0.03043854039525934,1.498468083979133e-07
1,GD,mini-batch,random,0.1,0.029959544165858,0.008021736741192166
1,GD,mini-batch,zero,0.1,0.029959606215832855,0.008021780683769176
1,GD,mini-batch,sparse,0.1,0.029959615781720732,0.008021892194881313
1,GD,SGD,random,0.1,0.06599023007736325,0.06500887976962103
1,GD,SGD,zero,0.1,0.08834646498100827,0.09039578302802231
1,GD,SGD,sparse,0.1,0.07541674915196414,0.06760336788516089
1,AdaGrad,full,random,0.1,0.18965227586952726,0.20112369788950926
1,AdaGrad,full,zero,0.1,0.030435344005200392,9.977241721707108e-06
1,AdaGrad,full,sparse,0.1,0.02982856507662624,0.0019111707369661218
1,AdaGrad,mini-batch,random,0.1,0.22504870018522508,0.23707181963350193
1,AdaGrad,mini-batch,zero,0.1,0.03025658686955327,0.004604607750768269
1,AdaGrad,mini-batch,sparse,0.1,0.029759154885151205,0.006807253235865413
1,AdaGrad,SGD,random,0.1,0.7353960940806068,0.7495032111622334
1,AdaGrad,SGD,zero,0.1,0.04647592272216956,0.03647760366147229
1,AdaGrad,SGD,sparse,0.1,0.4640791271408884,0.475052929600398
1,RMSProp,full,random,0.1,0.10555485639500849,0.09999999085892829
1,RMSProp,full,zero,0.1,0.1055548563950086,0.0999999908589284
1,RMSProp,full,sparse,0.1,0.10349484954252315,0.09999999085892654
1,RMSProp,mini-batch,random,0.1,0.10583719718020969,0.09810873176173601
1,RMSProp,mini-batch,zero,0.1,0.10583719718020956,0.09810873176173582
1,RMSProp,mini-batch,sparse,0.1,0.10583719718020924,0.09810873176173544
1,RMSProp,SGD,random,0.1,0.1436063307226491,0.16732316677950368
1,RMSProp,SGD,zero,0.1,0.18155231708046196,0.19188668538698878
1,RMSProp,SGD,sparse,0.1,0.19295710096465113,0.19390420324522692
1,Adam,full,random,0.1,0.03043858773686161,9.899056296961976e-16
1,Adam,full,zero,0.1,0.030438587736861727,1.072098405376252e-15
1,Adam,full,sparse,0.1,0.0304385877368618,1.20485755699337e-15
1,Adam,mini-batch,random,0.1,0.05125743710196765,0.04367730803921857
1,Adam,mini-batch,zero,0.1,0.04953019634018274,0.038726539930678226
1,Adam,mini-batch,sparse,0.1,0.0437815233586154,0.04059276683734478
1,Adam,SGD,random,0.1,0.1189686875139056,0.11975800492367814
1,Adam,SGD,zero,0.1,0.09974643260654632,0.11939521333420236
1,Adam,SGD,sparse,0.1,0.19973124605620293,0.19831154284942076
2,GD,full,random,0.01,0.33287726836288745,0.3298035676971445
2,GD,full,zero,0.01,0.09038491963918069,0.08535943081946293
2,GD,full,sparse,0.01,0.4196418772979361,0.4155325956662642
2,GD,mini-batch,random,0.01,0.32731934337648744,0.32428395467598187
2,GD,mini-batch,zero,0.01,0.09239918032191326,0.08750198168558877
2,GD,mini-batch,sparse,0.01,0.4189040980014454,0.41481841061232705
2,GD,SGD,random,0.01,0.36127929937388625,0.35847462391277496
2,GD,SGD,zero,0.01,0.09124494917364538,0.08568962695304326
2,GD,SGD,sparse,0.01,0.42472765134986806,0.4206884815027657
2,AdaGrad,full,random,0.01,1.8216836521426538,1.8204829172169148
2,AdaGrad,full,zero,0.01,0.4989435083302058,0.492870171950356
2,AdaGrad,full,sparse,0.01,1.7058348506757914,1.7023669414986313
2,AdaGrad,mini-batch,random,0.01,1.8290872864381902,1.8279271847730953
2,AdaGrad,mini-batch,zero,0.01,0.5000959033226182,0.4940303265554186
2,AdaGrad,mini-batch,sparse,0.01,1.765303808216754,1.7617253100127435
2,AdaGrad,SGD,random,0.01,1.9194046126329785,1.918748233550782
2,AdaGrad,SGD,zero,0.01,0.5529400140995738,0.5466429758009104
2,AdaGrad,SGD,sparse,0.01,2.129344638797548,2.1257321774369164
2,RMSProp,full,random,0.01,0.008466018167698234,0.009999990562969158
2,RMSProp,full,zero,0.01,0.016408637402317346,0.009999990562970311
2,RMSProp,full,sparse,0.01,0.01640863740231734,0.009999990562970297
2,RMSProp,mini-batch,random,0.01,0.021650445492622253,0.0227127851697715
2,RMSProp,mini-batch,zero,0.01,0.021650445492622253,0.0227127851697715
2,RMSProp,mini-batch,sparse,0.01,0.021650445492622253,0.0227127851697715
2,RMSProp,SGD,random,0.01,0.04016407226912309,0.042570038400073576
2,RMSProp,SGD,zero,0.01,0.04187296805814682,0.03494621776509985
2,RMSProp,SGD,sparse,0.01,0.029324671120500218,0.029537727585454317
2,Adam,full,random,0.01,0.03605387644045713,0.03160762372785156
2,Adam,full,zero,0.01,0.008443573111618315,6.253708430795012e-05
2,Adam,full,sparse,0.01,0.008394116793555855,3.7390962437189855e-07
2,Adam,mini-batch,random,0.01,0.0435995641354425,0.039112298097121065
2,Adam,mini-batch,zero,0.01,0.014654132092434952,0.010404575095905378
2,Adam,mini-batch,sparse,0.01,0.02373933699299135,0.01891933317892562
2,Adam,SGD,random,0.01,0.26707922794307604,0.2634616050772625
2,Adam,SGD,zero,0.01,0.04494103635256353,0.039004248875010514
2,Adam,SGD,sparse,0.01,0.08226851002705028,0.07789402731147015
2,GD,full,random,0.1,0.008394007840938323,1.473441520264235e-07
2,GD,full,zero,0.1,0.00839397808355756,2.0053458908571474e-08
2,GD,full,sparse,0.1,0.008394027466028159,9.902082245960262e-08
2,GD,mini-batch,random,0.1,0.015154101151703027,0.01319899881221716
2,GD,mini-batch,zero,0.1,0.015154205419591105,0.013199135865421284
2,GD,mini-batch,sparse,0.1,0.015154184598434385,0.013199080350491398
2,GD,SGD,random,0.1,0.058290952241146304,0.06215706448070242
2,GD,SGD,zero,0.1,0.05443737017085752,0.048587458685919044
2,GD,SGD,sparse,0.1,0.06320521607068275,0.06608314101578407
2,AdaGrad,full,random,0.1,0.09028576370574234,0.08640228703696218
2,AdaGrad,full,zero,0.1,0.008623832283595955,0.00029465584609807485
2,AdaGrad,full,sparse,0.1,0.008561400236100393,0.00038764614453070826
2,AdaGrad,mini-batch,random,0.1,0.11915211394563326,0.11543298040700974
2,AdaGrad,mini-batch,zero,0.1,0.01109051722011901,0.007153664789021774
2,AdaGrad,mini-batch,sparse,0.1,0.014926714586917486,0.01117748643845238
2,AdaGrad,SGD,random,0.1,0.5625427297064711,0.559750574500242
2,AdaGrad,SGD,zero,0.1,0.025013116862630087,0.01830249008400492
2,AdaGrad,SGD,sparse,0.1,0.4118773746080606,0.4080222858871172
2,RMSProp,full,random,0.1,0.10515848588511842,0.09999999056297022
2,RMSProp,full,zero,0.1,0.09530270874447887,0.0999999905629692
2,RMSProp,full,sparse,0.1,0.10515848588511847,0.09999999056297029
2,RMSProp,mini-batch,random,0.1,0.05126904740089646,0.051447912973117405
2,RMSProp,mini-batch,zero,0.1,0.05126904740089656,0.05144791297311749
2,RMSProp,mini-batch,sparse,0.1,0.05126904740089661,0.051447912973117536
2,RMSProp,SGD,random,0.1,0.1451571548038228,0.14897536559530672
2,RMSProp,SGD,zero,0.1,0.11041770543676489,0.10532933781619251
2,RMSProp,SGD,sparse,0.1,0.3108339130259862,0.31639201356920704
2,Adam,full,random,0.1,0.00839396278576336,1.481482286301019e-15
2,Adam,full,zero,0.1,0.008393962785763346,1.4475537224895361e-15
2,Adam,full,sparse,0.1,0.00839395029936288,1.7951117529172578e-08
2,Adam,mini-batch,random,0.1,0.030933479370256953,0.03457455089437116
2,Adam,mini-batch,zero,0.1,0.04152212389462551,0.04824074552424387
2,Adam,mini-batch,sparse,0.1,0.07044916204082721,0.07795105185000152
2,Adam,SGD,random,0.1,0.12286657033022011,0.1273736349509872
2,Adam,SGD,zero,0.1,0.08827884043919541,0.08807152883388886
2,Adam,SGD,sparse,0.1,0.1111151258020704,0.10644324643570467
3,GD,full,random,0.01,0.19355832686508773,0.19752460563309324
3,GD,full,zero,0.01,0.08025858230602315,0.07404386361895915
3,GD,full,sparse,0.01,0.336410221291662,0.3355219611532093
3,GD,mini-batch,random,0.01,0.19821061668641077,0.20204467899836687
3,GD,mini-batch,zero,0.01,0.08147391449560418,0.07517040929394435
3,GD,mini-batch,sparse,0.01,0.3469828898103162,0.34617401927142627
3,GD,SGD,random,0.01,0.20470193018203556,0.20907586063468736
3,GD,SGD,zero,0.01,0.08202484365638492,0.07671622729480777
3,GD,SGD,sparse,0.01,0.33145117311395567,0.3310233822594383
3,AdaGrad,full,random,0.01,1.0480573038479002,1.0526633529369611
3,AdaGrad,full,zero,0.01,0.6379306276279915,0.6320885621486979
3,AdaGrad,full,sparse,0.01,1.004212576666096,1.0024318803412613
3,AdaGrad,mini-batch,random,0.01,1.0496867906889629,1.0542829946413477
3,AdaGrad,mini-batch,zero,0.01,0.6400742968723641,0.6342468073154027
3,AdaGrad,mini-batch,sparse,0.01,1.157740384747533,1.1563284713317081
3,AdaGrad,SGD,random,0.01,1.1053080551293781,1.1100635757812334
3,AdaGrad,SGD,zero,0.01,0.7457916034513746,0.7403535631937106
3,AdaGrad,SGD,sparse,0.01,1.5755337756549692,1.5743976040035248
3,RMSProp,full,random,0.01,0.014122076974078248,0.009999990701616585
3,RMSProp,full,zero,0.01,0.010140434712948962,0.009999990701614697
3,RMSProp,full,sparse,0.01,0.010140434712948926,0.009999990701614642
3,RMSProp,mini-batch,random,0.01,0.031134755952988234,0.026023055840452107
3,RMSProp,mini-batch,zero,0.01,0.031134755952988234,0.026023055840452107
3,RMSProp,mini-batch,sparse,0.01,0.031134755952988234,0.026023055840452107
3,RMSProp,SGD,random,0.01,0.03987491987555454,0.04656833901697651
3,RMSProp,SGD,zero,0.01,0.03715296864619065,0.042624391818066217
3,RMSProp,SGD,sparse,0.01,0.0493866202313956,0.05622561631696367
3,Adam,full,random,0.01,0.007086194977966997,0.001191464389808076
3,Adam,full,zero,0.01,0.009360137662980685,0.002438442348238362
3,Adam,full,sparse,0.01,0.007150589002480747,1.2904044414359589e-14
3,Adam,mini-batch,random,0.01,0.0105226019193868,0.007763581752482002
3,Adam,mini-batch,zero,0.01,0.011467597427251687,0.006922322466633553
3,Adam,mini-batch,sparse,0.01,0.013554104074070579,0.00983224145047971
3,Adam,SGD,random,0.01,0.030608057136286653,0.037431830132350914
3,Adam,SGD,zero,0.01,0.016439015227812444,0.017816903630926594
3,Adam,SGD,sparse,0.01,0.03144103604771417,0.03837193222774125
3,GD,full,random,0.1,0.0071505662167529295,4.7149239507751704e-08
3,GD,full,zero,0.1,0.007150600560721005,1.4862411775146374e-08
3,GD,full,sparse,0.1,0.00715058898334153,7.849054098191901e-08
3,GD,mini-batch,random,0.1,0.0142793551443595,0.009247862790681797
3,GD,mini-batch,zero,0.1,0.014279349544563086,0.00924782599315104
3,GD,mini-batch,sparse,0.1,0.014279391416324914,0.009247908863663997
3,GD,SGD,random,0.1,0.055996148464201416,0.06312278031087992
3,GD,SGD,zero,0.1,0.058602299789963376,0.06456234216936751
3,GD,SGD,sparse,0.1,0.06862419284821862,0.07568028394206196
3,AdaGrad,full,random,0.1,0.008033364559256413,0.0050004179308825464
3,AdaGrad,full,zero,0.1,0.01330654839730373,0.006580402608124617
3,AdaGrad,full,sparse,0.1,0.007150612477247372,3.634313715868373e-08
3,AdaGrad,mini-batch,random,0.1,0.014087166541269932,0.011621893311614909
3,AdaGrad,mini-batch,zero,0.1,0.015658759414482634,0.009537025779729896
3,AdaGrad,mini-batch,sparse,0.1,0.01346684995911123,0.008534431056398348
3,AdaGrad,SGD,random,0.1,0.05437172726761733,0.059848038338995935
3,AdaGrad,SGD,zero,0.1,0.013650897904481518,0.01152240900289411
3,AdaGrad,SGD,sparse,0.1,0.0978772800970884,0.09793646088508272
3,RMSProp,full,random,0.1,0.09781669311922335,0.09999999070161464
3,RMSProp,full,zero,0.1,0.1026360203536296,0.09999999070161654
3,RMSProp,full,sparse,0.1,0.1026360203536296,0.09999999070161654
3,RMSProp,mini-batch,random,0.1,0.03205426830945628,0.026604445875583287
3,RMSProp,mini-batch,zero,0.1,0.032054268309456284,0.026604445875583308
3,RMSProp,mini-batch,sparse,0.1,0.03205426830945622,0.026604445875583232
3,RMSProp,SGD,random,0.1,0.2541295605805327,0.261167643265564
3,RMSProp,SGD,zero,0.1,0.31327907837283875,0.31763098267938844
3,RMSProp,SGD,sparse,0.1,0.25395271504182537,0.2599100935825191
3,Adam,full,random,0.1,0.00715058900247296,2.3551386880256627e-15
3,Adam,full,zero,0.1,0.007150589002472908,2.2948339460476127e-15
3,Adam,full,sparse,0.1,0.007150589002472984,2.4850154473731614e-15
3,Adam,mini-batch,random,0.1,0.04780410855473634,0.04391087073437246
3,Adam,mini-batch,zero,0.1,0.044148616326060174,0.03877666733626927
3,Adam,mini-batch,sparse,0.1,0.06229720985195396,0.05894962911804391
3,Adam,SGD,random,0.1,0.0956487729554066,0.10062117502515147
3,Adam,SGD,zero,0.1,0.17202710548154987,0.17737197160242188
3,Adam,SGD,sparse,0.1,0.08749840880261006,0.09268399174626715
4,GD,full,random,0.01,0.160093881334114,0.1706673563041716
4,GD,full,zero,0.01,0.11856620545065677,0.09861631080902723
4,GD,full,sparse,0.01,0.23670715743184734,0.259762948731363
4,GD,mini-batch,random,0.01,0.16335220092262795,0.1745885752810206
4,GD,mini-batch,zero,0.01,0.12058294299119274,0.10107080157260416
4,GD,mini-batch,sparse,0.01,0.23878429420053954,0.26178784938470645
4,GD,SGD,random,0.01,0.16263765559620347,0.17103245085884847
4,GD,SGD,zero,0.01,0.11199572162890045,0.09230822819800226
4,GD,SGD,sparse,0.01,0.23359842641668388,0.252314081187578
4,AdaGrad,full,random,0.01,1.0943874937190041,1.1057742230353966
4,AdaGrad,full,zero,0.01,0.5642548657779018,0.5455503874224732
4,AdaGrad,full,sparse,0.01,0.7878753628200482,0.8107400708661421
4,AdaGrad,mini-batch,random,0.01,1.0948556674027425,1.1062096980408735
4,AdaGrad,mini-batch,zero,0.01,0.5636869685414881,0.5450046564642889
4,AdaGrad,mini-batch,sparse,0.01,0.8291207555777763,0.8523103845046355
4,AdaGrad,SGD,random,0.01,1.188791089516993,1.1998585157345334
4,AdaGrad,SGD,zero,0.01,0.6249293462939558,0.6065745980343727
4,AdaGrad,SGD,sparse,0.01,1.163839234312017,1.1872884193509796
4,RMSProp,full,random,0.01,0.028525685987143858,0.009999990869564492
4,RMSProp,full,zero,0.01,0.02931007440830887,0.009999990869563618
4,RMSProp,full,sparse,0.01,0.02931007440830887,0.009999990869563618
4,RMSProp,mini-batch,random,0.01,0.04698890520059121,0.021113567721134076
4,RMSProp,mini-batch,zero,0.01,0.04698890520059121,0.021113567721134076
4,RMSProp,mini-batch,sparse,0.01,0.04698890520059121,0.021113567721134076
4,RMSProp,SGD,random,0.01,0.06718021552479464,0.05833883059592512
4,RMSProp,SGD,zero,0.01,0.04506890224338749,0.021893687378963952
4,RMSProp,SGD,sparse,0.01,0.03837143304581565,0.021844695025240068
4,Adam,full,random,0.01,0.024736607867183298,0.013413673851640799
4,Adam,full,zero,0.01,0.027202606213175513,8.661173259707021e-05
4,Adam,full,sparse,0.01,0.02713665038352112,1.5975738988547494e-15
4,Adam,mini-batch,random,0.01,0.023619646687074038,0.016378199351308766
4,Adam,mini-batch,zero,0.01,0.024506921126218363,0.005331523137151798
4,Adam,mini-batch,sparse,0.01,0.026397001245117506,0.010487517832877562
4,Adam,SGD,random,0.01,0.04638073393626027,0.041837714924767164
4,Adam,SGD,zero,0.01,0.041051746763819764,0.019715197756412645
4,Adam,SGD,sparse,0.01,0.043331336273086794,0.02817082202234166
4,GD,full,random,0.1,0.02713664496369258,4.049464599945358e-08
4,GD,full,zero,0.1,0.027136658289991275,1.6079847987486455e-08
4,GD,full,sparse,0.1,0.0271366192888954,5.277816546220185e-08
4,GD,mini-batch,random,0.1,0.028023962787843377,0.006448974799264989
4,GD,mini-batch,zero,0.1,0.02802397630160533,0.006448953766269263
4,GD,mini-batch,sparse,0.1,0.02802393180682175,0.006448922111975714
4,GD,SGD,random,0.1,0.07889427751945205,0.07342225033182083
4,GD,SGD,zero,0.1,0.057870886910617904,0.0401517631659652
4,GD,SGD,sparse,0.1,0.03519316246065094,0.01678386226114329
4,AdaGrad,full,random,0.1,0.031200212031369294,0.03220818911309897
4,AdaGrad,full,zero,0.1,0.02751859700967865,0.000486538606722634
4,AdaGrad,full,sparse,0.1,0.027136649058353484,1.5693646563940977e-09
4,AdaGrad,mini-batch,random,0.1,0.02988104935181518,0.031321616034384554
4,AdaGrad,mini-batch,zero,0.1,0.026793754101248565,0.0035068265747422982
4,AdaGrad,mini-batch,sparse,0.1,0.028919223177299447,0.007666579129668664
4,AdaGrad,SGD,random,0.1,0.10781420119184242,0.11744678044999961
4,AdaGrad,SGD,zero,0.1,0.04599117055459485,0.01994478579359099
4,AdaGrad,SGD,sparse,0.1,0.05493885763496239,0.05954860501120943
4,RMSProp,full,random,0.1,0.10470541855274093,0.09999999086956365
4,RMSProp,full,zero,0.1,0.10470541855274093,0.09999999086956365
4,RMSProp,full,sparse,0.1,0.10470541855274093,0.09999999086956365
4,RMSProp,mini-batch,random,0.1,0.11601961968917876,0.10541570740552252
4,RMSProp,mini-batch,zero,0.1,0.1160196196891787,0.10541570740552245
4,RMSProp,mini-batch,sparse,0.1,0.11601961968917854,0.1054157074055223
4,RMSProp,SGD,random,0.1,0.131627124605281,0.1389965124964062
4,RMSProp,SGD,zero,0.1,0.16162327826043893,0.1591092357159945
4,RMSProp,SGD,sparse,0.1,0.11861915779859923,0.13043258907234728
4,Adam,full,random,0.1,0.027136650383521997,1.4957139510615702e-15
4,Adam,full,zero,0.1,0.027136650383521956,1.4977727461875691e-15
4,Adam,full,sparse,0.1,0.027132062232528245,1.6564835535504245e-05
4,Adam,mini-batch,random,0.1,0.036604380042147625,0.01980554267022358
4,Adam,mini-batch,zero,0.1,0.047360634583380606,0.029822822893095673
4,Adam,mini-batch,sparse,0.1,0.07160878149514104,0.052272015745389214
4,Adam,SGD,random,0.1,0.2498823113315922,0.24124607058964617
4,Adam,SGD,zero,0.1,0.2903480400532221,0.2820813126460628
4,Adam,SGD,sparse,0.1,0.15875292205415523,0.14942178305625356
5,GD,full,random,0.01,0.31768625219809327,0.3151017159178355
5,GD,full,zero,0.01,0.06091262661172867,0.06378295986406701
5,GD,full,sparse,0.01,0.4552549559634697,0.45528090718735303
5,GD,mini-batch,random,0.01,0.3105473092361694,0.3079514716051662
5,GD,mini-batch,zero,0.01,0.06257366819339341,0.06529870206408485
5,GD,mini-batch,sparse,0.01,0.4505498258462272,0.4506214866045315
5,GD,SGD,random,0.01,0.3099793736950903,0.3069410508424087
5,GD,SGD,zero,0.01,0.05241301994157203,0.05329312392699713
5,GD,SGD,sparse,0.01,0.460285496530983,0.46025686740046634
5,AdaGrad,full,random,0.01,1.7399716095225366,1.7351509499395423
5,AdaGrad,full,zero,0.01,0.24364948002742765,0.24693357988297882
5,AdaGrad,full,sparse,0.01,1.8399300024897192,1.8398910868713418
5,AdaGrad,mini-batch,random,0.01,1.75346525780921,1.7486217120224865
5,AdaGrad,mini-batch,zero,0.01,0.24516827260890836,0.24850922398910077
5,AdaGrad,mini-batch,sparse,0.01,1.8685121058944554,1.86856827278077
5,AdaGrad,SGD,random,0.01,1.870284381935838,1.8653149219272298
5,AdaGrad,SGD,zero,0.01,0.2766710244188525,0.2802257945951274
5,AdaGrad,SGD,sparse,0.01,2.0104968425491645,2.010475413985178
5,RMSProp,full,random,0.01,0.015505007180649169,0.009999990794600818
5,RMSProp,full,zero,0.01,0.015505007180649174,0.009999990794600818
5,RMSProp,full,sparse,0.01,0.006719243528667407,0.00999999079460172
5,RMSProp,mini-batch,random,0.01,0.03756376198026135,0.033703728222501624
5,RMSProp,mini-batch,zero,0.01,0.03756376198026135,0.033703728222501624
5,RMSProp,mini-batch,sparse,0.01,0.03756376198026135,0.033703728222501624
5,RMSProp,SGD,random,0.01,0.06726917943511565,0.06091390833392382
5,RMSProp,SGD,zero,0.01,0.07592620762737579,0.06953626224094378
5,RMSProp,SGD,sparse,0.01,0.045267250720713914,0.04312033978285367
5,Adam,full,random,0.01,0.13473899919814075,0.1326528983458528
5,Adam,full,zero,0.01,0.006540407077607597,2.303660273988431e-13
5,Adam,full,sparse,0.01,0.0065449445776387,4.723168191435812e-05
5,Adam,mini-batch,random,0.01,0.15403083388605562,0.15199475909738666
5,Adam,mini-batch,zero,0.01,0.020035335551580904,0.01789538574020573
5,Adam,mini-batch,sparse,0.01,0.019928397828602517,0.0181165949021829
5,Adam,SGD,random,0.01,0.38164409259466864,0.3794142798314367
5,Adam,SGD,zero,0.01,0.05454207093489247,0.0480629257584022
5,Adam,SGD,sparse,0.01,0.14166670252067823,0.13927684651886074
5,GD,full,random,0.1,0.006540553635988391,3.8315543618757244e-07
5,GD,full,zero,0.1,0.006540395881820502,3.0366455491484844e-08
5,GD,full,sparse,0.1,0.006540514149046235,4.6717725052575706e-07
5,GD,mini-batch,random,0.1,0.02426775669294497,0.020185200159410367
5,GD,mini-batch,zero,0.1,0.024267795357687416,0.020185297776253153
5,GD,mini-batch,sparse,0.1,0.02426769884277747,0.02018514708620636
5,GD,SGD,random,0.1,0.08517940368992218,0.07950769445963031
5,GD,SGD,zero,0.1,0.09004190679654306,0.08353277074735543
5,GD,SGD,sparse,0.1,0.07856865498462487,0.07628394754533849
5,AdaGrad,full,random,0.1,0.24410759473982444,0.24206918385499734
5,AdaGrad,full,zero,0.1,0.0065404007910346675,1.1669572277037195e-08
5,AdaGrad,full,sparse,0.1,0.00734955987122248,0.0028332117219139045
5,AdaGrad,mini-batch,random,0.1,0.2920885598824249,0.2899908928682627
5,AdaGrad,mini-batch,zero,0.1,0.021763424281367467,0.01766193264344452
5,AdaGrad,mini-batch,sparse,0.1,0.01738826916243257,0.012693634290108752
5,AdaGrad,SGD,random,0.1,0.6338562834237512,0.6319095263674368
5,AdaGrad,SGD,zero,0.1,0.04301524620898509,0.0367537956149211
5,AdaGrad,SGD,sparse,0.1,0.45223880309039705,0.4520231541580137
5,RMSProp,full,random,0.1,0.09521811379815835,0.09999999079460185
5,RMSProp,full,zero,0.1,0.09521811379815827,0.09999999079460176
5,RMSProp,full,sparse,0.1,0.10497171510481741,0.09999999079460073
5,RMSProp,mini-batch,random,0.1,0.05576302729329429,0.0589758847835891
5,RMSProp,mini-batch,zero,0.1,0.0557630272932949,0.058975884783589734
5,RMSProp,mini-batch,sparse,0.1,0.055763027293293306,0.05897588478358809
5,RMSProp,SGD,random,0.1,0.21675802268117805,0.21093081477869402
5,RMSProp,SGD,zero,0.1,0.33701814572175937,0.3307549482653281
5,RMSProp,SGD,sparse,0.1,0.16934761455860556,0.16590774426325547
5,Adam,full,random,0.1,0.006540407077747531,2.5590881545766174e-15
5,Adam,full,zero,0.1,0.006540407077747569,2.5354987979418553e-15
5,Adam,full,sparse,0.1,0.0065404070777475825,2.548832455930955e-15
5,Adam,mini-batch,random,0.1,0.04637231767505286,0.04226917787812154
5,Adam,mini-batch,zero,0.1,0.09310671473569522,0.08991681416184598
5,Adam,mini-batch,sparse,0.1,0.09540360499468155,0.09230244388313207
5,Adam,SGD,random,0.1,0.22420654208691373,0.21950285934720679
5,Adam,SGD,zero,0.1,0.20826048678175998,0.20497338273805782
5,Adam,SGD,sparse,0.1,0.2511259234106386,0.24995269667018746
6,GD,full,random,0.01,0.2932023314261473,0.3048282797631192
6,GD,full,zero,0.01,0.04667884157846505,0.04714896309030865
6,GD,full,sparse,0.01,0.3469352353450982,0.365510603704161
6,GD,mini-batch,random,0.01,0.2891442189788101,0.30098557514468266
6,GD,mini-batch,zero,0.01,0.04687568673943783,0.04723082199244389
6,GD,mini-batch,sparse,0.01,0.3475052105324561,0.3661096239567379
6,GD,SGD,random,0.01,0.28747379901183906,0.3014922273244133
6,GD,SGD,zero,0.01,0.03316105160514492,0.03617862868072988
6,GD,SGD,sparse,0.01,0.3735894573966425,0.39210421607343054
6,AdaGrad,full,random,0.01,1.8169165018636932,1.8264513932851565
6,AdaGrad,full,zero,0.01,0.19410795550056373,0.19773251355021318
6,AdaGrad,full,sparse,0.01,1.5962104681576674,1.614756503814647
6,AdaGrad,mini-batch,random,0.01,1.824320494293826,1.8338009330144485
6,AdaGrad,mini-batch,zero,0.01,0.1947148870897636,0.19856341707988723
6,AdaGrad,mini-batch,sparse,0.01,1.638419465065726,1.6569854149749308
6,AdaGrad,SGD,random,0.01,1.924615471045591,1.9333581169664307
6,AdaGrad,SGD,zero,0.01,0.23364061497566158,0.2382345262317423
6,AdaGrad,SGD,sparse,0.01,1.8129336736970856,1.8314026301883548
6,RMSProp,full,random,0.01,0.020101720616466208,0.009999990964340762
6,RMSProp,full,zero,0.01,0.02010172061646627,0.009999990964340776
6,RMSProp,full,sparse,0.01,0.022649001048393656,0.009999990964339832
6,RMSProp,mini-batch,random,0.01,0.017254614869554395,0.011405810461433668
6,RMSProp,mini-batch,zero,0.01,0.017254614869554423,0.011405810461433713
6,RMSProp,mini-batch,sparse,0.01,0.017254614869554423,0.011405810461433713
6,RMSProp,SGD,random,0.01,0.04242528129307122,0.04191099943045675
6,RMSProp,SGD,zero,0.01,0.039598162893671913,0.04302479778368907
6,RMSProp,SGD,sparse,0.01,0.036143097238621275,0.0311283911602514
6,Adam,full,random,0.01,0.07574793793901322,0.08797447738329113
6,Adam,full,zero,0.01,0.018934844538874115,7.0246426488506006e-09
6,Adam,full,sparse,0.01,0.018933484087866086,1.3899675608300975e-06
6,Adam,mini-batch,random,0.01,0.08758469027760857,0.09972237748533881
6,Adam,mini-batch,zero,0.01,0.026192108914401525,0.011915343773960151
6,Adam,mini-batch,sparse,0.01,0.030125129455883918,0.015113912490743413
6,Adam,SGD,random,0.01,0.29241611638947,0.3049584181612818
6,Adam,SGD,zero,0.01,0.026073286700053194,0.021544543465015324
6,Adam,SGD,sparse,0.01,0.04417401351190175,0.061332802575118035
6,GD,full,random,0.1,0.01893480437576423,1.4204938799439977e-07
6,GD,full,zero,0.1,0.01893484350563457,2.5016030079975074e-08
6,GD,full,sparse,0.1,0.01893477130937276,8.021597956635722e-08
6,GD,mini-batch,random,0.1,0.02321801899319366,0.008536877124367348
6,GD,mini-batch,zero,0.1,0.023218060741244256,0.008536900654008547
6,GD,mini-batch,sparse,0.1,0.02321799572883591,0.008536886937682921
6,GD,SGD,random,0.1,0.06246537683154175,0.05166318007409042
6,GD,SGD,zero,0.1,0.050566276335360545,0.043084207364098216
6,GD,SGD,sparse,0.1,0.05766765029919732,0.044626659986063986
6,AdaGrad,full,random,0.1,0.16449168259482685,0.17764692292937462
6,AdaGrad,full,zero,0.1,0.018934734056547078,4.608911732067182e-07
6,AdaGrad,full,sparse,0.1,0.018439386718155676,0.0005063211629677952
6,AdaGrad,mini-batch,random,0.1,0.17630917346177932,0.18942829251905416
6,AdaGrad,mini-batch,zero,0.1,0.022361670184195437,0.006685009414710914
6,AdaGrad,mini-batch,sparse,0.1,0.021373304369672826,0.006602689188774066
6,AdaGrad,SGD,random,0.1,0.4790186104523341,0.49098364887296997
6,AdaGrad,SGD,zero,0.1,0.025594247331676888,0.02463666749074503
6,AdaGrad,SGD,sparse,0.1,0.28350351088111486,0.3021662895333718
6,RMSProp,full,random,0.1,0.10441751500768752,0.09999999096433981
6,RMSProp,full,zero,0.1,0.0990658151281988,0.09999999096434078
6,RMSProp,full,sparse,0.1,0.10441751500768752,0.09999999096433981
6,RMSProp,mini-batch,random,0.1,0.047346631438718145,0.04129402641700628
6,RMSProp,mini-batch,zero,0.1,0.04734663143871817,0.04129402641700628
6,RMSProp,mini-batch,sparse,0.1,0.047346631438718194,0.041294026417006316
6,RMSProp,SGD,random,0.1,0.2788037084202984,0.2678343798706134
6,RMSProp,SGD,zero,0.1,0.3003342880711463,0.29090124441974397
6,RMSProp,SGD,sparse,0.1,0.21348990952303853,0.19885614780113445
6,Adam,full,random,0.1,0.01893484594152823,5.3533015581491455e-16
6,Adam,full,zero,0.1,0.018934845941528344,4.996003610813204e-16
6,Adam,full,sparse,0.1,0.018934845941528344,4.996003610813204e-16
6,Adam,mini-batch,random,0.1,0.02895546047858076,0.03366459363099471
6,Adam,mini-batch,zero,0.1,0.03552738450838057,0.041851860327361504
6,Adam,mini-batch,sparse,0.1,0.048513370116090936,0.05260314079865791
6,Adam,SGD,random,0.1,0.09889246206763343,0.10337842248518354
6,Adam,SGD,zero,0.1,0.1625784925975081,0.1757848660347485
6,Adam,SGD,sparse,0.1,0.10931953759603417,0.11227434303719047
7,GD,full,random,0.01,0.25041208972073525,0.25973192015533464
7,GD,full,zero,0.01,0.03741657373721849,0.017847121651843358
7,GD,full,sparse,0.01,0.3195398123489906,0.34359585527438086
7,GD,mini-batch,random,0.01,0.2528894718369308,0.2619979669860396
7,GD,mini-batch,zero,0.01,0.04078916159629697,0.017243221848319577
7,GD,mini-batch,sparse,0.01,0.3194835128415514,0.34322552464651324
7,GD,SGD,random,0.01,0.24793453087502407,0.25856045542815426
7,GD,SGD,zero,0.01,0.03174091848422185,0.03133447544357364
7,GD,SGD,sparse,0.01,0.33682083117083084,0.3607952625903959
7,AdaGrad,full,random,0.01,1.3329473498420614,1.3433315666144838
7,AdaGrad,full,zero,0.01,0.48829162948292903,0.48321833295361805
7,AdaGrad,full,sparse,0.01,0.9372984197100659,0.9612210690795273
7,AdaGrad,mini-batch,random,0.01,1.3294727692660777,1.3398958873598859
7,AdaGrad,mini-batch,zero,0.01,0.4920696606689616,0.4870135995918994
7,AdaGrad,mini-batch,sparse,0.01,1.1416283196547712,1.165571250852749
7,AdaGrad,SGD,random,0.01,1.4344057066277665,1.444881268457779
7,AdaGrad,SGD,zero,0.01,0.6178094145702506,0.6120899076759304
7,AdaGrad,SGD,sparse,0.01,1.6051575854096491,1.6285859048765583
7,RMSProp,full,random,0.01,0.02918652729646446,0.00999999059132306
7,RMSProp,full,zero,0.01,0.03126207090108099,0.009999990591321672
7,RMSProp,full,sparse,0.01,0.031262070901081,0.009999990591321561
7,RMSProp,mini-batch,random,0.01,0.04958201171609036,0.039203941670560016
7,RMSProp,mini-batch,zero,0.01,0.04958201171609036,0.039203941670560016
7,RMSProp,mini-batch,sparse,0.01,0.04958201171609036,0.039203941670560016
7,RMSProp,SGD,random,0.01,0.04114658849108121,0.03899276378421971
7,RMSProp,SGD,zero,0.01,0.05578376666171934,0.05767960055638411
7,RMSProp,SGD,sparse,0.01,0.04650627726044464,0.032042462889316024
7,Adam,full,random,0.01,0.027409573454554297,0.0015611534600221528
7,Adam,full,zero,0.01,0.028587104247593535,0.00042256488398904733
7,Adam,full,sparse,0.01,0.028540942775235452,1.5740127955196998e-15
7,Adam,mini-batch,random,0.01,0.034149722406149115,0.011331324514345159
7,Adam,mini-batch,zero,0.01,0.03492434357229641,0.009516448082977158
7,Adam,mini-batch,sparse,0.01,0.03531850753329815,0.0190222360855342
7,Adam,SGD,random,0.01,0.06476045265654219,0.07740243530867046
7,Adam,SGD,zero,0.01,0.03933330061057508,0.042128643096199375
7,Adam,SGD,sparse,0.01,0.03075370439457971,0.04861068514160219
7,GD,full,random,0.1,0.028540893869058365,8.8722523038927e-08
7,GD,full,zero,0.1,0.028540942719319277,2.5162264654581083e-09
7,GD,full,sparse,0.1,0.02854083743846234,1.2229085447309127e-07
7,GD,mini-batch,random,0.1,0.03656463411805166,0.017858316200259815
7,GD,mini-batch,zero,0.1,0.03656467463882182,0.01785832690671355
7,GD,mini-batch,sparse,0.1,0.03656458461630752,0.01785830471525907
7,GD,SGD,random,0.1,0.020986607763825212,0.03148571920242896
7,GD,SGD,zero,0.1,0.03994770207659581,0.04973133634474976
7,GD,SGD,sparse,0.1,0.05620070224943865,0.043406632471708596
7,AdaGrad,full,random,0.1,0.02418635337438971,0.0067363139871567885
7,AdaGrad,full,zero,0.1,0.028738712255880282,0.0012124444390019162
7,AdaGrad,full,sparse,0.1,0.028540934530643637,9.030016184192281e-09
7,AdaGrad,mini-batch,random,0.1,0.03156235976457092,0.012825653417456805
7,AdaGrad,mini-batch,zero,0.1,0.03486217253733901,0.009877927788332838
7,AdaGrad,mini-batch,sparse,0.1,0.03682339489072121,0.0164960249319109
7,AdaGrad,SGD,random,0.1,0.21170384618777383,0.22136474084419056
7,AdaGrad,SGD,zero,0.1,0.033044232763225864,0.02669811717634615
7,AdaGrad,SGD,sparse,0.1,0.159858094034544,0.18310307743203605
7,RMSProp,full,random,0.1,0.10696682942812598,0.09999999059132164
7,RMSProp,full,zero,0.1,0.10093197941000524,0.09999999059132292
7,RMSProp,full,sparse,0.1,0.10696682942812594,0.09999999059132164
7,RMSProp,mini-batch,random,0.1,0.20041387018991433,0.195159347245076
7,RMSProp,mini-batch,zero,0.1,0.20041387018991333,0.19515934724507522
7,RMSProp,mini-batch,sparse,0.1,0.20041387018990742,0.19515934724507025
7,RMSProp,SGD,random,0.1,0.2689895163623412,0.28063701791285733
7,RMSProp,SGD,zero,0.1,0.18325873089067776,0.18793920588171287
7,RMSProp,SGD,sparse,0.1,0.25715229046423477,0.2496754828193655
7,Adam,full,random,0.1,0.02854094277523437,9.930136612989092e-16
7,Adam,full,zero,0.1,0.028540942775234508,1.0295784775289034e-15
7,Adam,full,sparse,0.1,0.028540942775234508,1.0295784775289034e-15
7,Adam,mini-batch,random,0.1,0.06643705722195738,0.050409754217392175
7,Adam,mini-batch,zero,0.1,0.06592559119156984,0.05004299286559266
7,Adam,mini-batch,sparse,0.1,0.05146591544257472,0.0385069029261104
7,Adam,SGD,random,0.1,0.25438435074982024,0.2553471525795431
7,Adam,SGD,zero,0.1,0.24338473527986504,0.2553161138549228
7,Adam,SGD,sparse,0.1,0.20788862460628943,0.20822515233315023
8,GD,full,random,0.01,0.29376413211128183,0.2957983745566969
8,GD,full,zero,0.01,0.12800689091427384,0.1242338649918065
8,GD,full,sparse,0.01,0.4563127759587278,0.4550851875109534
8,GD,mini-batch,random,0.01,0.30505128151785543,0.3070605375210527
8,GD,mini-batch,zero,0.01,0.1276514642035519,0.12398042911984343
8,GD,mini-batch,sparse,0.01,0.4671820285545616,0.46603651471419616
8,GD,SGD,random,0.01,0.30562187056033574,0.3074745504461715
8,GD,SGD,zero,0.01,0.11541774068716755,0.11226372617478031
8,GD,SGD,sparse,0.01,0.47097523708290623,0.46994695743612963
8,AdaGrad,full,random,0.01,1.6197477407385967,1.6230141336752255
8,AdaGrad,full,zero,0.01,0.5757213159532577,0.5714649776313897
8,AdaGrad,full,sparse,0.01,1.629877613501884,1.6295476667282993
8,AdaGrad,mini-batch,random,0.01,1.6236490668527446,1.626940713332416
8,AdaGrad,mini-batch,zero,0.01,0.5836859842386619,0.5793654346431493
8,AdaGrad,mini-batch,sparse,0.01,1.713001148107243,1.712140604352141
8,AdaGrad,SGD,random,0.01,1.7122423194542367,1.7156051503473493
8,AdaGrad,SGD,zero,0.01,0.6354356142881242,0.6310848401829977
8,AdaGrad,SGD,sparse,0.01,2.036105828547529,2.0348287845385036
8,RMSProp,full,random,0.01,0.00975777115718316,0.009999990601936655
8,RMSProp,full,zero,0.01,0.014112249506242059,0.009999990601936562
8,RMSProp,full,sparse,0.01,0.00975777115718316,0.009999990601936655
8,RMSProp,mini-batch,random,0.01,0.0340668168278308,0.032405619513590764
8,RMSProp,mini-batch,zero,0.01,0.0340668168278308,0.032405619513590764
8,RMSProp,mini-batch,sparse,0.01,0.0340668168278308,0.032405619513590764
8,RMSProp,SGD,random,0.01,0.06340541032767935,0.06083842251044731
8,RMSProp,SGD,zero,0.01,0.054469214398566855,0.05272471560671197
8,RMSProp,SGD,sparse,0.01,0.05163583514165847,0.052650968371348444
8,Adam,full,random,0.01,0.06213889049373046,0.06271580661243498
8,Adam,full,zero,0.01,0.006869210582047647,1.3585080790790176e-05
8,Adam,full,sparse,0.01,0.006869139393901899,1.7413522894789278e-07
8,Adam,mini-batch,random,0.01,0.07015538312432446,0.07095775287312682
8,Adam,mini-batch,zero,0.01,0.011574442162327267,0.010079620053204997
8,Adam,mini-batch,sparse,0.01,0.016115202608116833,0.013806572965579293
8,Adam,SGD,random,0.01,0.2988178583921451,0.300179895903145
8,Adam,SGD,zero,0.01,0.05328732789996617,0.052579535121245115
8,Adam,SGD,sparse,0.01,0.17074102213571665,0.1708477448243067
8,GD,full,random,0.1,0.006869120360604719,2.0922669430783755e-07
8,GD,full,zero,0.1,0.006869157821547408,8.802861893576238e-08
8,GD,full,sparse,0.1,0.0068691560608169526,3.3162319788853804e-07
8,GD,mini-batch,random,0.1,0.013358299365743754,0.011545190267077773
8,GD,mini-batch,zero,0.1,0.013358231561637152,0.011545088418799644
8,GD,mini-batch,sparse,0.1,0.013358377453246412,0.01154526080804032
8,GD,SGD,random,0.1,0.10305150204730391,0.10181953126561914
8,GD,SGD,zero,0.1,0.09766706036144358,0.09781859951470642
8,GD,SGD,sparse,0.1,0.08702111312303545,0.08828796185576128
8,AdaGrad,full,random,0.1,0.13303067944380711,0.13390993023291586
8,AdaGrad,full,zero,0.1,0.006874824017371035,0.00010445100827173752
8,AdaGrad,full,sparse,0.1,0.0068820962543303926,0.00030867458143342923
8,AdaGrad,mini-batch,random,0.1,0.1484682272999514,0.14966480546975
8,AdaGrad,mini-batch,zero,0.1,0.009302378604852873,0.006469655062344053
8,AdaGrad,mini-batch,sparse,0.1,0.009630920367257712,0.006824415371052803
8,AdaGrad,SGD,random,0.1,0.42822662046094223,0.4295076801688082
8,AdaGrad,SGD,zero,0.1,0.051211245437950394,0.05199761436079269
8,AdaGrad,SGD,sparse,0.1,0.5537773171576834,0.5528032267568739
8,RMSProp,full,random,0.1,0.09760878685759206,0.09999999060193662
8,RMSProp,full,zero,0.1,0.10279538427852061,0.09999999060193654
8,RMSProp,full,sparse,0.1,0.09760878685759211,0.09999999060193668
8,RMSProp,mini-batch,random,0.1,0.1113807238288027,0.10852850139416313
8,RMSProp,mini-batch,zero,0.1,0.11138072382880279,0.10852850139416324
8,RMSProp,mini-batch,sparse,0.1,0.11138072382880271,0.10852850139416316
8,RMSProp,SGD,random,0.1,0.16617417964040668,0.1617705254601734
8,RMSProp,SGD,zero,0.1,0.1765998128006159,0.17434539100657506
8,RMSProp,SGD,sparse,0.1,0.21420324727530335,0.2171850639320137
8,Adam,full,random,0.1,0.006869136044829239,4.926614671774132e-16
8,Adam,full,zero,0.1,0.006869136044829169,5.698771243630487e-16
8,Adam,full,sparse,0.1,0.006869136044829186,5.57362090592517e-16
8,Adam,mini-batch,random,0.1,0.028347887685929125,0.025117707360359887
8,Adam,mini-batch,zero,0.1,0.05056689322286932,0.046844250465848086
8,Adam,mini-batch,sparse,0.1,0.06459078922620026,0.062479991946090684
8,Adam,SGD,random,0.1,0.16805739151872576,0.16776759744613426
8,Adam,SGD,zero,0.1,0.2284469228816806,0.23389058027081422
8,Adam,SGD,sparse,0.1,0.08184489301637361,0.08637897677496728
9,GD,full,random,0.01,0.2886711156853912,0.26493424704669716
9,GD,full,zero,0.01,0.13104460364319367,0.12194368003911243
9,GD,full,sparse,0.01,0.32130382473987384,0.3131971169469704
9,GD,mini-batch,random,0.01,0.2913383873706445,0.26741205910170457
9,GD,mini-batch,zero,0.01,0.12492822859986796,0.115778594237776
9,GD,mini-batch,sparse,0.01,0.32050588919437023,0.31240606449478686
9,GD,SGD,random,0.01,0.29495050787523047,0.2719286568574748
9,GD,SGD,zero,0.01,0.12223420029815371,0.11680225474590661
9,GD,SGD,sparse,0.01,0.33505284716073175,0.32748251105371334
9,AdaGrad,full,random,0.01,1.4619240656304606,1.441048770531275
9,AdaGrad,full,zero,0.01,0.6782252997103935,0.6699265489456335
9,AdaGrad,full,sparse,0.01,0.8991559572658213,0.8925204248576476
9,AdaGrad,mini-batch,random,0.01,1.4619487130734499,1.441109241592454
9,AdaGrad,mini-batch,zero,0.01,0.6821092945496121,0.6737253294498725
9,AdaGrad,mini-batch,sparse,0.01,0.9529448132004819,0.9462779246076565
9,AdaGrad,SGD,random,0.01,1.53869153508171,1.5191554701534964
9,AdaGrad,SGD,zero,0.01,0.7673207698343967,0.759016642867912
9,AdaGrad,SGD,sparse,0.01,1.4301407802348018,1.4239111176235268
9,RMSProp,full,random,0.01,0.02941545968300083,0.009999990624840811
9,RMSProp,full,zero,0.01,0.029415459683000855,0.009999990624840723
9,RMSProp,full,sparse,0.01,0.02941545968300084,0.00999999062484068
9,RMSProp,mini-batch,random,0.01,0.05547991429726474,0.05369201295378528
9,RMSProp,mini-batch,zero,0.01,0.05547991429726478,0.05369201295378537
9,RMSProp,mini-batch,sparse,0.01,0.05547991429726478,0.05369201295378537
9,RMSProp,SGD,random,0.01,0.04831472658422843,0.057091136536488424
9,RMSProp,SGD,zero,0.01,0.0723557962469674,0.07341910903229523
9,RMSProp,SGD,sparse,0.01,0.07066818261630185,0.06302256218997401
9,Adam,full,random,0.01,0.032579937112727574,0.007800458391515325
9,Adam,full,zero,0.01,0.026475822051644615,0.00029810112496728207
9,Adam,full,sparse,0.01,0.026442015550578558,1.0594488999422677e-15
9,Adam,mini-batch,random,0.01,0.03762042853123581,0.013679512346020372
9,Adam,mini-batch,zero,0.01,0.02964816997186353,0.007146549022496646
9,Adam,mini-batch,sparse,0.01,0.03960382378422686,0.031506230244301436
9,Adam,SGD,random,0.01,0.09408217425566098,0.07411952474966899
9,Adam,SGD,zero,0.01,0.026764640293742314,0.029868131291881133
9,Adam,SGD,sparse,0.01,0.08086865494435888,0.0768817354047582
9,GD,full,random,0.1,0.026442108307625778,1.020379333699673e-07
9,GD,full,zero,0.1,0.02644200753516407,4.924731218659298e-08
9,GD,full,sparse,0.1,0.026442058759895495,7.525679759605635e-08
9,GD,mini-batch,random,0.1,0.030014009722843252,0.013922130663702285
9,GD,mini-batch,zero,0.1,0.030013863266760712,0.013922074302618607
9,GD,mini-batch,sparse,0.1,0.030013931631902333,0.01392208343032284
9,GD,SGD,random,0.1,0.06440136582716853,0.07194636876481157
9,GD,SGD,zero,0.1,0.09636917280601276,0.09762451083599441
9,GD,SGD,sparse,0.1,0.07825701882270165,0.06946424657593668
9,AdaGrad,full,random,0.1,0.04579673688696114,0.022405041488335414
9,AdaGrad,full,zero,0.1,0.026689508155027235,0.0011925035735597333
9,AdaGrad,full,sparse,0.1,0.026442015726931837,8.904862047820962e-10
9,AdaGrad,mini-batch,random,0.1,0.04769999660240492,0.024273118581754183
9,AdaGrad,mini-batch,zero,0.1,0.027937786496332183,0.004155153556582651
9,AdaGrad,mini-batch,sparse,0.1,0.03151547398786882,0.01706264036563771
9,AdaGrad,SGD,random,0.1,0.22029704016364063,0.1967220290997851
9,AdaGrad,SGD,zero,0.1,0.026896475324180557,0.0202292105338035
9,AdaGrad,SGD,sparse,0.1,0.10854668837858553,0.09989045006639992
9,RMSProp,full,random,0.1,0.10658363671544856,0.09999999062484077
9,RMSProp,full,zero,0.1,0.10019124216816382,0.09999999062483984
9,RMSProp,full,sparse,0.1,0.10658363671544845,0.09999999062484069
9,RMSProp,mini-batch,random,0.1,0.12820991281919802,0.13286104418839587
9,RMSProp,mini-batch,zero,0.1,0.12820991281919802,0.13286104418839587
9,RMSProp,mini-batch,sparse,0.1,0.1282099128191981,0.13286104418839595
9,RMSProp,SGD,random,0.1,0.14403947303574144,0.16499514396568415
9,RMSProp,SGD,zero,0.1,0.24641786203375643,0.24536138179376063
9,RMSProp,SGD,sparse,0.1,0.2723612076713307,0.25595201968201103
9,Adam,full,random,0.1,0.026442015550578193,9.08756711201214e-16
9,Adam,full,zero,0.1,0.02644201555057824,7.447602459741819e-16
9,Adam,full,sparse,0.1,0.026442015550578454,1.0329400704738531e-15
9,Adam,mini-batch,random,0.1,0.07204805839409945,0.07321531475005666
9,Adam,mini-batch,zero,0.1,0.08281727184841979,0.0826162873505803
9,Adam,mini-batch,sparse,0.1,0.10673748960261177,0.1019340431465673
9,Adam,SGD,random,0.1,0.493783558316505,0.5042094723469576
9,Adam,SGD,zero,0.1,0.35982099611863705,0.3614729301664779
9,Adam,SGD,sparse,0.1,0.5751210688042714,0.5934758785741984
10,GD,full,random,0.01,0.2844576072983583,0.28863534929068807
10,GD,full,zero,0.01,0.12452461513019727,0.13284043624747596
10,GD,full,sparse,0.01,0.36279797137194597,0.360849220101831
10,GD,mini-batch,random,0.01,0.2906510088574105,0.29481764082085077
10,GD,mini-batch,zero,0.01,0.1273140619956168,0.13530141797810313
10,GD,mini-batch,sparse,0.01,0.369839409545586,0.36796124763999244
10,GD,SGD,random,0.01,0.28180568894523506,0.284556211649331
10,GD,SGD,zero,0.01,0.1526662055163958,0.15939675351633248
10,GD,SGD,sparse,0.01,0.414787795545607,0.4123668583590854
10,AdaGrad,full,random,0.01,1.9716429493484482,1.9767608605400355
10,AdaGrad,full,zero,0.01,0.6471432839392686,0.6545255681245861
10,AdaGrad,full,sparse,0.01,1.700922899037703,1.6974632852031206
10,AdaGrad,mini-batch,random,0.01,1.9735692212214557,1.9786768269097375
10,AdaGrad,mini-batch,zero,0.01,0.6508333613368884,0.6582355518268869
10,AdaGrad,mini-batch,sparse,0.01,1.7827710892092627,1.7806812988361849
10,AdaGrad,SGD,random,0.01,2.0780474487833756,2.0833190547625806
10,AdaGrad,SGD,zero,0.01,0.6929961156506838,0.69988755289197
10,AdaGrad,SGD,sparse,0.01,2.0911236786921843,2.090202867936804
10,RMSProp,full,random,0.01,0.017619495219333696,0.009999990535612832
10,RMSProp,full,zero,0.01,0.01761949521933368,0.009999990535612832
10,RMSProp,full,sparse,0.01,0.013523157574659505,0.009999990535613954
10,RMSProp,mini-batch,random,0.01,0.008829643859331819,0.007178341792158858
10,RMSProp,mini-batch,zero,0.01,0.008829643859331819,0.007178341792158858
10,RMSProp,mini-batch,sparse,0.01,0.008829643859331819,0.007178341792158858
10,RMSProp,SGD,random,0.01,0.05026314114534149,0.042716132870643575
10,RMSProp,SGD,zero,0.01,0.06263778310688796,0.062177681255860234
10,RMSProp,SGD,sparse,0.01,0.06609814231188198,0.057974866489308996
10,Adam,full,random,0.01,0.04833497031173806,0.043898046605248466
10,Adam,full,zero,0.01,0.012108879843843722,1.5984260706157635e-06
10,Adam,full,sparse,0.01,0.01211086721873526,1.1672004619687553e-06
10,Adam,mini-batch,random,0.01,0.05569536787977076,0.05105487439915949
10,Adam,mini-batch,zero,0.01,0.020073615352792794,0.009114765381524257
10,Adam,mini-batch,sparse,0.01,0.018307622248532177,0.0078002486249070645
10,Adam,SGD,random,0.01,0.2327115471588612,0.23274965448242962
10,Adam,SGD,zero,0.01,0.02868213453311925,0.0290149918472907
10,Adam,SGD,sparse,0.01,0.09697831991410873,0.09254960861409925
10,GD,full,random,0.1,0.01211038036932699,4.63672951481961e-08
10,GD,full,zero,0.1,0.012110306481779794,1.0368667837578943e-07
10,GD,full,sparse,0.1,0.012110449777255578,7.96454952461721e-08
10,GD,mini-batch,random,0.1,0.014696813091453442,0.003005995032872728
10,GD,mini-batch,zero,0.1,0.01469674484653075,0.0030059928504902575
10,GD,mini-batch,sparse,0.1,0.014696876667783394,0.0030060501685958505
10,GD,SGD,random,0.1,0.05570970095645537,0.04797027242967142
10,GD,SGD,zero,0.1,0.07795744155279266,0.07691200081459608
10,GD,SGD,sparse,0.1,0.08476663930884241,0.07530370836805093
10,AdaGrad,full,random,0.1,0.11209027525699698,0.10963400823546395
10,AdaGrad,full,zero,0.1,0.012084750247101957,2.8224144363319817e-05
10,AdaGrad,full,sparse,0.1,0.012406674446644108,0.0006893158339639864
10,AdaGrad,mini-batch,random,0.1,0.13375320178166245,0.13198613070910958
10,AdaGrad,mini-batch,zero,0.1,0.014981546076448957,0.003698249757594817
10,AdaGrad,mini-batch,sparse,0.1,0.016456984141984213,0.00508120657676752
10,AdaGrad,SGD,random,0.1,0.4392368705905101,0.4409301503434904
10,AdaGrad,SGD,zero,0.1,0.035548437423886574,0.03531942367286867
10,AdaGrad,SGD,sparse,0.1,0.37146281968352096,0.3689188103322611
10,RMSProp,full,random,0.1,0.09751310099279491,0.0999999905356138
10,RMSProp,full,zero,0.1,0.09751310099279506,0.09999999053561395
10,RMSProp,full,sparse,0.1,0.09751310099279499,0.0999999905356139
10,RMSProp,mini-batch,random,0.1,0.029187675464222664,0.032291961708939845
10,RMSProp,mini-batch,zero,0.1,0.029187675464222646,0.03229196170893981
10,RMSProp,mini-batch,sparse,0.1,0.029187675464222868,0.032291961708939956
10,RMSProp,SGD,random,0.1,0.1735963943183468,0.16581741926179416
10,RMSProp,SGD,zero,0.1,0.1825774694897697,0.17574631826447334
10,RMSProp,SGD,sparse,0.1,0.24827454131088433,0.24127288969882188
10,Adam,full,random,0.1,0.012110383584934067,8.993834424997154e-16
10,Adam,full,zero,0.1,0.012110383584934076,1.0076712877695278e-15
10,Adam,full,sparse,0.1,0.012110383584934045,8.921337268482667e-16
10,Adam,mini-batch,random,0.1,0.013612154558760995,0.014471171270191699
10,Adam,mini-batch,zero,0.1,0.017956499943583934,0.029065523966971468
10,Adam,mini-batch,sparse,0.1,0.03939632539610098,0.04686892204372365
10,Adam,SGD,random,0.1,0.09392131080423778,0.08690102664351583
10,Adam,SGD,zero,0.1,0.0959386580906904,0.09385727124364997
10,Adam,SGD,sparse,0.1,0.1483545355065423,0.14066401993080144
11,GD,full,random,0.01,0.326531818293983,0.32973172778857124
11,GD,full,zero,0.01,0.09465547421708237,0.10183605768574734
11,GD,full,sparse,0.01,0.454187762765553,0.454508103284841
11,GD,mini-batch,random,0.01,0.33125663323639903,0.3343967085634463
11,GD,mini-batch,zero,0.01,0.09737340624875715,0.1045209675807241
11,GD,mini-batch,sparse,0.01,0.45736242496632645,0.45784693533263926
11,GD,SGD,random,0.01,0.26822960756160985,0.27137005974204514
11,GD,SGD,zero,0.01,0.08471169829997273,0.09248972615146406
11,GD,SGD,sparse,0.01,0.40710470198155524,0.40695904929900795
11,AdaGrad,full,random,0.01,1.8664327065502435,1.869642623803451
11,AdaGrad,full,zero,0.01,0.5576462463224243,0.5643499567593437
11,AdaGrad,full,sparse,0.01,1.5300973749922842,1.5295707496154345
11,AdaGrad,mini-batch,random,0.01,1.8651808313308722,1.868388768500894
11,AdaGrad,mini-batch,zero,0.01,0.5665108842440272,0.5731379585389172
11,AdaGrad,mini-batch,sparse,0.01,1.6063390758502791,1.6065211115592852
11,AdaGrad,SGD,random,0.01,1.9595922617249557,1.962767659821866
11,AdaGrad,SGD,zero,0.01,0.6308753826643726,0.6369125182633808
11,AdaGrad,SGD,sparse,0.01,2.0478599887618283,2.048135606637799
11,RMSProp,full,random,0.01,0.016396756561169474,0.0099999908467055
11,RMSProp,full,zero,0.01,0.01651966972857399,0.009999990846705609
11,RMSProp,full,sparse,0.01,0.01651966972857399,0.009999990846705609
11,RMSProp,mini-batch,random,0.01,0.027761982078377725,0.025857469384552214
11,RMSProp,mini-batch,zero,0.01,0.027761982078377725,0.025857469384552214
11,RMSProp,mini-batch,sparse,0.01,0.027761982078377725,0.025857469384552214
11,RMSProp,SGD,random,0.01,0.03208214846078727,0.03300832165287731
11,RMSProp,SGD,zero,0.01,0.03812033929400774,0.031613590489947836
11,RMSProp,SGD,sparse,0.01,0.026672914217837376,0.0278055749769409
11,Adam,full,random,0.01,0.025974821439744753,0.023549698560786994
11,Adam,full,zero,0.01,0.012580890014425639,0.0007125675782915102
11,Adam,full,sparse,0.01,0.013071983542517011,6.392628698078393e-09
11,Adam,mini-batch,random,0.01,0.031590627912032654,0.030935592907903087
11,Adam,mini-batch,zero,0.01,0.013528500664137489,0.00935223342627144
11,Adam,mini-batch,sparse,0.01,0.016178395045712154,0.014144815171578626
11,Adam,SGD,random,0.01,0.1495910930548504,0.15151022866461233
11,Adam,SGD,zero,0.01,0.03762516184279517,0.03293290984916197
11,Adam,SGD,sparse,0.01,0.06425896661247946,0.05983095490820681
11,GD,full,random,0.1,0.01307194827714853,9.730404293073124e-08
11,GD,full,zero,0.1,0.013071953500088948,5.6160959727512726e-08
11,GD,full,sparse,0.1,0.013071925539791814,2.509956228018703e-07
11,GD,mini-batch,random,0.1,0.01627601813380847,0.012481962858963122
11,GD,mini-batch,zero,0.1,0.01627599399421794,0.012481925490764498
11,GD,mini-batch,sparse,0.1,0.016276113231881256,0.012482129616248507
11,GD,SGD,random,0.1,0.03350811549616733,0.03513247368581477
11,GD,SGD,zero,0.1,0.04667418149583503,0.042216933606420946
11,GD,SGD,sparse,0.1,0.03047204755192296,0.03378389831753922
11,AdaGrad,full,random,0.1,0.06427393437230919,0.06409913161291919
11,AdaGrad,full,zero,0.1,0.011502866181926731,0.0023384725681406186
11,AdaGrad,full,sparse,0.1,0.013076519526349235,5.215169840872825e-05
11,AdaGrad,mini-batch,random,0.1,0.06157711537427866,0.062218900767610934
11,AdaGrad,mini-batch,zero,0.1,0.012707476689667988,0.01013428902986957
11,AdaGrad,mini-batch,sparse,0.1,0.014679654227889888,0.009888007658041527
11,AdaGrad,SGD,random,0.1,0.4975306630967771,0.501239428297461
11,AdaGrad,SGD,zero,0.1,0.01686828536825997,0.012715534103313378
11,AdaGrad,SGD,sparse,0.1,0.35577380411680404,0.35585696811486905
11,RMSProp,full,random,0.1,0.1009509991592677,0.09999999084670559
11,RMSProp,full,zero,0.1,0.1009509991592677,0.09999999084670559
11,RMSProp,full,sparse,0.1,0.1009509991592677,0.09999999084670559
11,RMSProp,mini-batch,random,0.1,0.08027978680599637,0.07959805811224445
11,RMSProp,mini-batch,zero,0.1,0.0802797871283494,0.07959805841965796
11,RMSProp,mini-batch,sparse,0.1,0.08027978710568055,0.0795980583980397
11,RMSProp,SGD,random,0.1,0.26104781398104443,0.2671606949776955
11,RMSProp,SGD,zero,0.1,0.19531447517816491,0.19502577685729738
11,RMSProp,SGD,sparse,0.1,0.16508359207247827,0.17412657750563665
11,Adam,full,random,0.1,0.013071983013281326,8.491573300505515e-16
11,Adam,full,zero,0.1,0.01307198301328137,9.51817968857363e-16
11,Adam,full,sparse,0.1,0.013071983013281283,9.28879225241625e-16
11,Adam,mini-batch,random,0.1,0.0264471397433823,0.0190905563531156
11,Adam,mini-batch,zero,0.1,0.032502259502485836,0.023251246487912536
11,Adam,mini-batch,sparse,0.1,0.06472141121963972,0.05903878572945238
11,Adam,SGD,random,0.1,0.09010792241633346,0.0943445019310915
11,Adam,SGD,zero,0.1,0.10944490121290608,0.111679295000168
11,Adam,SGD,sparse,0.1,0.10909565039005634,0.11112693501771845
12,GD,full,random,0.01,0.24784923338235001,0.2502170514632165
12,GD,full,zero,0.01,0.07836047791261938,0.07544528538151428
12,GD,full,sparse,0.01,0.310129193407724,0.3074129781523686
12,GD,mini-batch,random,0.01,0.2494160838790938,0.2517535714240945
12,GD,mini-batch,zero,0.01,0.07594385312146643,0.07317486635545598
12,GD,mini-batch,sparse,0.01,0.31316992571032815,0.3104332530325158
12,GD,SGD,random,0.01,0.23852476363601058,0.2404533123525798
12,GD,SGD,zero,0.01,0.07883464733191796,0.07357166506551317
12,GD,SGD,sparse,0.01,0.2958388056901744,0.29254994446206856
12,AdaGrad,full,random,0.01,1.4509798770825775,1.4528816155143036
12,AdaGrad,full,zero,0.01,0.46871503018320265,0.46716618014235856
12,AdaGrad,full,sparse,0.01,0.9719590621195017,0.9704122692464342
12,AdaGrad,mini-batch,random,0.01,1.443447372302018,1.4453476636744231
12,AdaGrad,mini-batch,zero,0.01,0.4689140493954098,0.46744023713686084
12,AdaGrad,mini-batch,sparse,0.01,1.029347704333715,1.0274480209748496
12,AdaGrad,SGD,random,0.01,1.5591170767414801,1.5607613626548766
12,AdaGrad,SGD,zero,0.01,0.5645876095892222,0.5637190054531728
12,AdaGrad,SGD,sparse,0.01,1.426883360231326,1.4251190313871362
12,RMSProp,full,random,0.01,0.014454149581788337,0.009999990578921704
12,RMSProp,full,zero,0.01,0.012720967120656124,0.009999990578920927
12,RMSProp,full,sparse,0.01,0.014454149581788337,0.009999990578921704
12,RMSProp,mini-batch,random,0.01,0.02755529372209509,0.02329150875643406
12,RMSProp,mini-batch,zero,0.01,0.02755529372209509,0.02329150875643406
12,RMSProp,mini-batch,sparse,0.01,0.02755529372209509,0.02329150875643406
12,RMSProp,SGD,random,0.01,0.03316082130088471,0.028502568991955527
12,RMSProp,SGD,zero,0.01,0.05333696565381282,0.04567015019845383
12,RMSProp,SGD,sparse,0.01,0.03668210027805765,0.03077508189636725
12,Adam,full,random,0.01,0.009241885909161952,0.00786263489250224
12,Adam,full,zero,0.01,0.009212256357141296,0.00019574364696677905
12,Adam,full,sparse,0.01,0.009239746248152362,1.5866869960086629e-15
12,Adam,mini-batch,random,0.01,0.007888951169840014,0.00864743621476612
12,Adam,mini-batch,zero,0.01,0.009462995639412239,0.003943888392846724
12,Adam,mini-batch,sparse,0.01,0.020389238281948753,0.01329466607228908
12,Adam,SGD,random,0.01,0.10321014736037121,0.10503910114422632
12,Adam,SGD,zero,0.01,0.05918118640613202,0.053122325932924014
12,Adam,SGD,sparse,0.01,0.047735648467304305,0.04208302789152124
12,GD,full,random,0.1,0.009239720449142117,7.672167303085403e-08
12,GD,full,zero,0.1,0.009239749518487713,2.4107687499300756e-08
12,GD,full,sparse,0.1,0.009239869481982807,1.4139319220026798e-07
12,GD,mini-batch,random,0.1,0.012356678736377243,0.006282428844314961
12,GD,mini-batch,zero,0.1,0.012356685167221326,0.0062824065786834535
12,GD,mini-batch,sparse,0.1,0.012356827976249748,0.006282491082252098
12,GD,SGD,random,0.1,0.04476815691765897,0.04545065773551921
12,GD,SGD,zero,0.1,0.051342165664622616,0.04640544687330043
12,GD,SGD,sparse,0.1,0.0378384572209027,0.03715069368478368
12,AdaGrad,full,random,0.1,0.02193088478859117,0.023751095563727533
12,AdaGrad,full,zero,0.1,0.009207690502329214,0.0007638699089246576
12,AdaGrad,full,sparse,0.1,0.009239749925980771,2.1519020420727712e-08
12,AdaGrad,mini-batch,random,0.1,0.015119078307316805,0.017576406501181748
12,AdaGrad,mini-batch,zero,0.1,0.0070933046026007834,0.0028253018916008905
12,AdaGrad,mini-batch,sparse,0.1,0.013549432715162261,0.0068623459655096815
12,AdaGrad,SGD,random,0.1,0.25546612215911835,0.258137276795633
12,AdaGrad,SGD,zero,0.1,0.03801018747555958,0.03051307391239845
12,AdaGrad,SGD,sparse,0.1,0.10163912428488929,0.09688347420754213
12,RMSProp,full,random,0.1,0.09924652966921828,0.09999999057892094
12,RMSProp,full,zero,0.1,0.10159167486386954,0.09999999057892169
12,RMSProp,full,sparse,0.1,0.09924652966921832,0.09999999057892096
12,RMSProp,mini-batch,random,0.1,0.17444275959621897,0.17380644062070655
12,RMSProp,mini-batch,zero,0.1,0.17444275959621924,0.1738064406207068
12,RMSProp,mini-batch,sparse,0.1,0.17444275959621924,0.17380644062070683
12,RMSProp,SGD,random,0.1,0.22593987511133662,0.23415314798718834
12,RMSProp,SGD,zero,0.1,0.2491807666376486,0.2527709312069878
12,RMSProp,SGD,sparse,0.1,0.3185964296288395,0.3177357950973661
12,Adam,full,random,0.1,0.00923974624815244,1.8090163519169172e-15
12,Adam,full,zero,0.1,0.00923974624815244,1.7306664177452076e-15
12,Adam,full,sparse,0.1,0.009230821755179515,0.00013363487023838893
12,Adam,mini-batch,random,0.1,0.06534287816000839,0.060656047607469905
12,Adam,mini-batch,zero,0.1,0.06169735904237211,0.05750153021816955
12,Adam,mini-batch,sparse,0.1,0.036698059644966315,0.036682977505850346
12,Adam,SGD,random,0.1,0.2452642349836388,0.2479549021146836
12,Adam,SGD,zero,0.1,0.18695030252177228,0.1891885770221882
12,Adam,SGD,sparse,0.1,0.20838455718567817,0.21289741001048282
13,GD,full,random,0.01,0.226595060189943,0.23533487603062053
13,GD,full,zero,0.01,0.041672476192923795,0.03525592963335471
13,GD,full,sparse,0.01,0.3625216948510651,0.36841930932181527
13,GD,mini-batch,random,0.01,0.21929847944207978,0.22803197712904597
13,GD,mini-batch,zero,0.01,0.04183632188364775,0.035200976729370365
13,GD,mini-batch,sparse,0.01,0.36286594261087807,0.3686288515836373
13,GD,SGD,random,0.01,0.19435597102512717,0.20296101436394248
13,GD,SGD,zero,0.01,0.04410122295040752,0.03791045557903243
13,GD,SGD,sparse,0.01,0.3179676673899678,0.32349188286296515
13,AdaGrad,full,random,0.01,1.6952320781506733,1.701384742088026
13,AdaGrad,full,zero,0.01,0.12722916458044364,0.12077890125308295
13,AdaGrad,full,sparse,0.01,1.5595054944878224,1.5657803992372137
13,AdaGrad,mini-batch,random,0.01,1.7031539425724027,1.709280019631969
13,AdaGrad,mini-batch,zero,0.01,0.12645050830946236,0.11994830766520122
13,AdaGrad,mini-batch,sparse,0.01,1.5569699060182722,1.5632254395176781
13,AdaGrad,SGD,random,0.01,1.8183355935400531,1.8240668006481897
13,AdaGrad,SGD,zero,0.01,0.134776019958244,0.12783323923470477
13,AdaGrad,SGD,sparse,0.01,1.6548744490388776,1.6611502193698062
13,RMSProp,full,random,0.01,0.012821355900144054,0.00999999084859063
13,RMSProp,full,zero,0.01,0.012821355900143999,0.009999990848590575
13,RMSProp,full,sparse,0.01,0.012821355900144,0.009999990848590603
13,RMSProp,mini-batch,random,0.01,0.01764289932790963,0.01567636901053376
13,RMSProp,mini-batch,zero,0.01,0.01764289932790963,0.01567636901053376
13,RMSProp,mini-batch,sparse,0.01,0.01764289932790963,0.01567636901053376
13,RMSProp,SGD,random,0.01,0.1182958893771405,0.11535546875248566
13,RMSProp,SGD,zero,0.01,0.09725098378678003,0.09611537822143734
13,RMSProp,SGD,sparse,0.01,0.10664402403996813,0.10319430153785783
13,Adam,full,random,0.01,0.08186495541190142,0.09053385020562159
13,Adam,full,zero,0.01,0.008770822780656573,9.867878089448544e-16
13,Adam,full,sparse,0.01,0.00875260504824476,2.7517377541542176e-05
13,Adam,mini-batch,random,0.01,0.08025111404347708,0.08878421508047127
13,Adam,mini-batch,zero,0.01,0.020772231369611486,0.01493714759877989
13,Adam,mini-batch,sparse,0.01,0.021726099703400278,0.015229909255494405
13,Adam,SGD,random,0.01,0.16456803690039495,0.17279619142602382
13,Adam,SGD,zero,0.01,0.09258357325684054,0.09076319490453974
13,Adam,SGD,sparse,0.01,0.0789806095065094,0.0782792685443726
13,GD,full,random,0.1,0.008770756842507079,9.062453147382365e-08
13,GD,full,zero,0.1,0.008770835554161171,3.0072559371809244e-08
13,GD,full,sparse,0.1,0.008770679500328955,3.333173108609897e-07
13,GD,mini-batch,random,0.1,0.01683650403810069,0.010484886660492897
13,GD,mini-batch,zero,0.1,0.01683653516086394,0.010484882602030858
13,GD,mini-batch,sparse,0.1,0.01683650917973895,0.01048495163179625
13,GD,SGD,random,0.1,0.13580329938195135,0.13377103763649945
13,GD,SGD,zero,0.1,0.10307154421259875,0.10298078574430487
13,GD,SGD,sparse,0.1,0.11703577317781806,0.11430330502028187
13,AdaGrad,full,random,0.1,0.16886948631487522,0.17755638747071992
13,AdaGrad,full,zero,0.1,0.008770822801299583,4.2484015535255736e-11
13,AdaGrad,full,sparse,0.1,0.007964323756327052,0.0012788794087640332
13,AdaGrad,mini-batch,random,0.1,0.17700445592435834,0.18564031057538674
13,AdaGrad,mini-batch,zero,0.1,0.01686711074051344,0.0105077354906536
13,AdaGrad,mini-batch,sparse,0.1,0.016405807672761438,0.010516459091562754
13,AdaGrad,SGD,random,0.1,0.23854456712680133,0.2471564749723878
13,AdaGrad,SGD,zero,0.1,0.05196457144857671,0.049073368362714885
13,AdaGrad,SGD,sparse,0.1,0.16765972679738259,0.1723521422069284
13,RMSProp,full,random,0.1,0.09975733345308467,0.09999999084859054
13,RMSProp,full,zero,0.1,0.09975733345308475,0.09999999084859061
13,RMSProp,full,sparse,0.1,0.10100656130304546,0.0999999908485908
13,RMSProp,mini-batch,random,0.1,0.16886047035588395,0.1679182614420184
13,RMSProp,mini-batch,zero,0.1,0.16886047035592677,0.16791826144206143
13,RMSProp,mini-batch,sparse,0.1,0.1688604703559281,0.1679182614420628
13,RMSProp,SGD,random,0.1,0.2176662097335755,0.2164680240878925
13,RMSProp,SGD,zero,0.1,0.25010933387412737,0.24944417042322709
13,RMSProp,SGD,sparse,0.1,0.27870802971836023,0.274539578851739
13,Adam,full,random,0.1,0.008770822780656504,6.826968921430001e-16
13,Adam,full,zero,0.1,0.008770822780656643,6.268091485093338e-16
13,Adam,full,sparse,0.1,0.00877082278065665,6.467704259788845e-16
13,Adam,mini-batch,random,0.1,0.01804242034690791,0.019083985195435353
13,Adam,mini-batch,zero,0.1,0.046371970185081136,0.046745876057309
13,Adam,mini-batch,sparse,0.1,0.03845761332592094,0.03942398779874511
13,Adam,SGD,random,0.1,0.18086241375981071,0.1799652688452866
13,Adam,SGD,zero,0.1,0.13449775669154068,0.13655564886548277
13,Adam,SGD,sparse,0.1,0.25521786054270407,0.2545086796857204
14,GD,full,random,0.01,0.2698005891268762,0.24913686044115638
14,GD,full,zero,0.01,0.11158270378415035,0.09887476628226753
14,GD,full,sparse,0.01,0.3408641587133233,0.3221074954749573
14,GD,mini-batch,random,0.01,0.268241120579806,0.2478982805731245
14,GD,mini-batch,zero,0.01,0.11554340913517555,0.10271315472011948
14,GD,mini-batch,sparse,0.01,0.3366114252290483,0.31788740999363874
14,GD,SGD,random,0.01,0.2686206875689357,0.24807463376636904
14,GD,SGD,zero,0.01,0.12557191226389725,0.11373873220616193
14,GD,SGD,sparse,0.01,0.31119470067623284,0.2921803954793084
14,AdaGrad,full,random,0.01,1.4133239325086313,1.3959188319310192
14,AdaGrad,full,zero,0.01,0.5575282023443235,0.546270419535324
14,AdaGrad,full,sparse,0.01,0.9197638428418419,0.9047136100662388
14,AdaGrad,mini-batch,random,0.01,1.4178548576756347,1.4004419481916208
14,AdaGrad,mini-batch,zero,0.01,0.5612006159452575,0.5500996926585718
14,AdaGrad,mini-batch,sparse,0.01,0.9944187511313983,0.9773157690333171
14,AdaGrad,SGD,random,0.01,1.5131494145246691,1.4969178366341545
14,AdaGrad,SGD,zero,0.01,0.6384212011779589,0.6279951744330261
14,AdaGrad,SGD,sparse,0.01,1.4130582783344505,1.394812795057809
14,RMSProp,full,random,0.01,0.03005894647146977,0.009999990803355216
14,RMSProp,full,zero,0.01,0.030058946471469776,0.009999990803355202
14,RMSProp,full,sparse,0.01,0.030058946471469766,0.009999990803355244
14,RMSProp,mini-batch,random,0.01,0.033306739171958755,0.02762836232557023
14,RMSProp,mini-batch,zero,0.01,0.033306739171958755,0.02762836232557023
14,RMSProp,mini-batch,sparse,0.01,0.033306739171958755,0.02762836232557023
14,RMSProp,SGD,random,0.01,0.06845606017208501,0.058989323994101464
14,RMSProp,SGD,zero,0.01,0.07947337656087068,0.07088870922926281
14,RMSProp,SGD,sparse,0.01,0.07906976597401826,0.06653680840120632
14,Adam,full,random,0.01,0.03365436160116633,0.009806420738600191
14,Adam,full,zero,0.01,0.02723367729373451,0.0002211948414661217
14,Adam,full,sparse,0.01,0.02722490001292671,1.1778964011900897e-15
14,Adam,mini-batch,random,0.01,0.038436976324970215,0.014638745553308713
14,Adam,mini-batch,zero,0.01,0.03288714824297533,0.008711542633129156
14,Adam,mini-batch,sparse,0.01,0.04001708087401197,0.019205788821485686
14,Adam,SGD,random,0.01,0.09414199867026049,0.07117680032222709
14,Adam,SGD,zero,0.01,0.056760183102465285,0.04807829624421058
14,Adam,SGD,sparse,0.01,0.05499585735911406,0.04409833586890833
14,GD,full,random,0.1,0.02722495510141721,7.555068800573745e-08
14,GD,full,zero,0.1,0.027224905439945317,2.8317001960888775e-08
14,GD,full,sparse,0.1,0.02722497044774444,1.0905469363156241e-07
14,GD,mini-batch,random,0.1,0.03148669100785703,0.01027050472477655
14,GD,mini-batch,zero,0.1,0.03148666396458139,0.0102705169652992
14,GD,mini-batch,sparse,0.1,0.03148669016861492,0.010270470386273925
14,GD,SGD,random,0.1,0.06986129102198246,0.06158664826108201
14,GD,SGD,zero,0.1,0.08908463038753778,0.07987318762757378
14,GD,SGD,sparse,0.1,0.08117139498850982,0.06826075431477256
14,AdaGrad,full,random,0.1,0.04796150332611826,0.026633442518139417
14,AdaGrad,full,zero,0.1,0.027302403413795556,0.0008840085768641616
14,AdaGrad,full,sparse,0.1,0.027224901918387542,3.728048613271426e-09
14,AdaGrad,mini-batch,random,0.1,0.04972882823612855,0.028129384348471773
14,AdaGrad,mini-batch,zero,0.1,0.030358640355457683,0.007965788178531438
14,AdaGrad,mini-batch,sparse,0.1,0.03156899233540037,0.010143688250572568
14,AdaGrad,SGD,random,0.1,0.18202503958922478,0.16415211169256447
14,AdaGrad,SGD,zero,0.1,0.060469989320893286,0.051503836897518196
14,AdaGrad,SGD,sparse,0.1,0.11807293892091456,0.09794042623301223
14,RMSProp,full,random,0.1,0.10660509612325686,0.09999999080335525
14,RMSProp,full,zero,0.1,0.10660509612325686,0.09999999080335525
14,RMSProp,full,sparse,0.1,0.10660509612325686,0.09999999080335524
14,RMSProp,mini-batch,random,0.1,0.09212950298529271,0.09355284941056262
14,RMSProp,mini-batch,zero,0.1,0.09212950298529161,0.09355284941056155
14,RMSProp,mini-batch,sparse,0.1,0.09212950298529271,0.09355284941056262
14,RMSProp,SGD,random,0.1,0.16830643241194324,0.17974461170901115
14,RMSProp,SGD,zero,0.1,0.17938154875399376,0.19500959941695295
14,RMSProp,SGD,sparse,0.1,0.1453605616441237,0.1291930907439285
14,Adam,full,random,0.1,0.02722490001292678,1.2262814116578437e-15
14,Adam,full,zero,0.1,0.027224900012926767,1.2072877792441454e-15
14,Adam,full,sparse,0.1,0.027224900012926566,1.6126920961239077e-15
14,Adam,mini-batch,random,0.1,0.05508891837970286,0.047072737579294296
14,Adam,mini-batch,zero,0.1,0.04690214236289399,0.04652963259544925
14,Adam,mini-batch,sparse,0.1,0.04403696835678648,0.03687128474087034
14,Adam,SGD,random,0.1,0.20767369726327933,0.1884025735484356
14,Adam,SGD,zero,0.1,0.3232973986934058,0.30248078288390945
14,Adam,SGD,sparse,0.1,0.07415475543036355,0.063277496900731
15,GD,full,random,0.01,0.2724817983794635,0.24986728603125963
15,GD,full,zero,0.01,0.0556470334244181,0.04012463832915303
15,GD,full,sparse,0.01,0.3750776736498817,0.36730962162825553
15,GD,mini-batch,random,0.01,0.27213171596783087,0.24985971752869038
15,GD,mini-batch,zero,0.01,0.05527346855391455,0.038718557414391626
15,GD,mini-batch,sparse,0.01,0.3760065644552618,0.3684131104742736
15,GD,SGD,random,0.01,0.3353402921340297,0.3122014955943609
15,GD,SGD,zero,0.01,0.07153383671576477,0.05767673995895493
15,GD,SGD,sparse,0.01,0.402848901096156,0.3923126649351197
15,AdaGrad,full,random,0.01,1.6311081468038997,1.6134519958351672
15,AdaGrad,full,zero,0.01,0.2217106410212777,0.21048455678639136
15,AdaGrad,full,sparse,0.01,1.4670895054909459,1.4604366270321338
15,AdaGrad,mini-batch,random,0.01,1.6402228174655258,1.622588784755259
15,AdaGrad,mini-batch,zero,0.01,0.224773386497469,0.21395732595663783
15,AdaGrad,mini-batch,sparse,0.01,1.5256636685743228,1.5182703147246588
15,AdaGrad,SGD,random,0.01,1.7330712576431873,1.7165060286289229
15,AdaGrad,SGD,zero,0.01,0.2663016029578475,0.2565254116313299
15,AdaGrad,SGD,sparse,0.01,1.7968939179417271,1.788626944670298
15,RMSProp,full,random,0.01,0.028304924181810433,0.009999990818264528
15,RMSProp,full,zero,0.01,0.03035620095516553,0.009999990818265888
15,RMSProp,full,sparse,0.01,0.028304924181810433,0.009999990818264528
15,RMSProp,mini-batch,random,0.01,0.023850836195678127,0.025674524905990998
15,RMSProp,mini-batch,zero,0.01,0.023850836195678127,0.025674524905990998
15,RMSProp,mini-batch,sparse,0.01,0.02385083619567818,0.025674524905990995
15,RMSProp,SGD,random,0.01,0.10612187974178838,0.0988410534191635
15,RMSProp,SGD,zero,0.01,0.09713243004939343,0.09455730335089796
15,RMSProp,SGD,sparse,0.01,0.08109207875854604,0.0764904165316263
15,Adam,full,random,0.01,0.06369153704585534,0.04144354735565442
15,Adam,full,zero,0.01,0.02759351876795619,2.261216506158293e-06
15,Adam,full,sparse,0.01,0.027592284300655835,1.0593286177426935e-08
15,Adam,mini-batch,random,0.01,0.06905988327917131,0.046951997853952494
15,Adam,mini-batch,zero,0.01,0.022794856577235383,0.009288509629857604
15,Adam,mini-batch,sparse,0.01,0.019578206046291683,0.010569550803676851
15,Adam,SGD,random,0.01,0.24750860018950058,0.22769197316325376
15,Adam,SGD,zero,0.01,0.08993232543542447,0.08378682272390406
15,Adam,SGD,sparse,0.01,0.10827960077946268,0.09721958470447407
15,GD,full,random,0.1,0.027592316977602966,4.241401510430386e-08
15,GD,full,zero,0.1,0.027592289075974663,1.9051694171055156e-08
15,GD,full,sparse,0.1,0.02759228180020353,1.0531906499714137e-07
15,GD,mini-batch,random,0.1,0.02067554037004863,0.009004010493718177
15,GD,mini-batch,zero,0.1,0.02067551328385756,0.009004040648614287
15,GD,mini-batch,sparse,0.1,0.02067548315556716,0.009004011303303628
15,GD,SGD,random,0.1,0.13198999128468972,0.12486131969257584
15,GD,SGD,zero,0.1,0.12581254018750376,0.12301477919268408
15,GD,SGD,sparse,0.1,0.09359608516104675,0.08922640659578211
15,AdaGrad,full,random,0.1,0.11647756884597361,0.0957953886921039
15,AdaGrad,full,zero,0.1,0.02760299046457624,2.0111875644461174e-05
15,AdaGrad,full,sparse,0.1,0.027611942652737816,8.49551675081861e-05
15,AdaGrad,mini-batch,random,0.1,0.13413233713255754,0.11235798000974635
15,AdaGrad,mini-batch,zero,0.1,0.02260913413972192,0.0055326739273564235
15,AdaGrad,mini-batch,sparse,0.1,0.021992546751345845,0.006473112722589838
15,AdaGrad,SGD,random,0.1,0.40935894309252896,0.3885168652841975
15,AdaGrad,SGD,zero,0.1,0.056229183076794795,0.04492510906707675
15,AdaGrad,SGD,sparse,0.1,0.2585008599715955,0.24597858129534866
15,RMSProp,full,random,0.1,0.1007952414645737,0.0999999908182646
15,RMSProp,full,zero,0.1,0.10079524146457358,0.09999999081826447
15,RMSProp,full,sparse,0.1,0.10079524146457358,0.09999999081826447
15,RMSProp,mini-batch,random,0.1,0.08568368862750735,0.08521683216812452
15,RMSProp,mini-batch,zero,0.1,0.08568368862747684,0.08521683216809622
15,RMSProp,mini-batch,sparse,0.1,0.08568368862747758,0.08521683216809688
15,RMSProp,SGD,random,0.1,0.3180745339730498,0.3019360372207727
15,RMSProp,SGD,zero,0.1,0.22568683699903372,0.22491811636552864
15,RMSProp,SGD,sparse,0.1,0.2505124121370267,0.245111605331618
15,Adam,full,random,0.1,0.027592281861397814,1.1308481255558256e-15
15,Adam,full,zero,0.1,0.02759228186139785,1.1443916996305594e-15
15,Adam,full,sparse,0.1,0.02759228186139785,1.1443916996305594e-15
15,Adam,mini-batch,random,0.1,0.033115854873253726,0.03377026197124247
15,Adam,mini-batch,zero,0.1,0.03612256222690714,0.032070146489357375
15,Adam,mini-batch,sparse,0.1,0.05682340599393501,0.044669583845644206
15,Adam,SGD,random,0.1,0.1670374716826773,0.1673488519860978
15,Adam,SGD,zero,0.1,0.21797213071745847,0.22387163333469726
15,Adam,SGD,sparse,0.1,0.10981881967721013,0.09702918689492313
16,GD,full,random,0.01,0.2597269880241167,0.26823023251346945
16,GD,full,zero,0.01,0.10425594360038959,0.12275170423367332
16,GD,full,sparse,0.01,0.3175089220790428,0.30975431105165574
16,GD,mini-batch,random,0.01,0.2620522598685763,0.27111283993467866
16,GD,mini-batch,zero,0.01,0.10527038377860344,0.12380011048798363
16,GD,mini-batch,sparse,0.01,0.3129500874624041,0.3052044822305947
16,GD,SGD,random,0.01,0.2870399060602093,0.2947759067460324
16,GD,SGD,zero,0.01,0.10340355798950522,0.1219692455403791
16,GD,SGD,sparse,0.01,0.3077424819782088,0.30017611056856536
16,AdaGrad,full,random,0.01,1.718524525098245,1.7245420096127393
16,AdaGrad,full,zero,0.01,0.515823334569406,0.5343682597225808
16,AdaGrad,full,sparse,0.01,1.1746333080619156,1.165288039362822
16,AdaGrad,mini-batch,random,0.01,1.7215858728011315,1.7275551316162063
16,AdaGrad,mini-batch,zero,0.01,0.5196265712711815,0.5381746923230084
16,AdaGrad,mini-batch,sparse,0.01,1.2071783036272083,1.198626914809951
16,AdaGrad,SGD,random,0.01,1.8448637995907347,1.850433558712678
16,AdaGrad,SGD,zero,0.01,0.5598469776899551,0.5783696782676775
16,AdaGrad,SGD,sparse,0.01,1.418543254239605,1.4115226609834501
16,RMSProp,full,random,0.01,0.022222543399673375,0.00999999077641761
16,RMSProp,full,zero,0.01,0.022222543399673434,0.009999990776417712
16,RMSProp,full,sparse,0.01,0.020624276074198478,0.009999990776416338
16,RMSProp,mini-batch,random,0.01,0.007768655098193706,0.018818052165930542
16,RMSProp,mini-batch,zero,0.01,0.007768655098193706,0.018818052165930542
16,RMSProp,mini-batch,sparse,0.01,0.007768655098193706,0.018818052165930542
16,RMSProp,SGD,random,0.01,0.03639617936871303,0.02837216194977421
16,RMSProp,SGD,zero,0.01,0.03720345116120003,0.036637277760748946
16,RMSProp,SGD,sparse,0.01,0.029782239732961954,0.010928419881782244
16,Adam,full,random,0.01,0.045577930239315716,0.05015171559618398
16,Adam,full,zero,0.01,0.018962930557443143,3.229866054914013e-07
16,Adam,full,sparse,0.01,0.018963156672209866,1.1513758683030528e-09
16,Adam,mini-batch,random,0.01,0.04400244993020553,0.049282021553677835
16,Adam,mini-batch,zero,0.01,0.014773253019224995,0.007551213474973338
16,Adam,mini-batch,sparse,0.01,0.015504789468048518,0.012092946203350212
16,Adam,SGD,random,0.01,0.2149443980042821,0.22084712453483596
16,Adam,SGD,zero,0.01,0.02200145667981412,0.016207109490377927
16,Adam,SGD,sparse,0.01,0.037263573270029986,0.02249534002762696
16,GD,full,random,0.1,0.01896308093099108,1.182895500680703e-07
16,GD,full,zero,0.1,0.018963071218768567,8.748026719293832e-08
16,GD,full,sparse,0.1,0.01896324259864957,1.5530202175680027e-07
16,GD,mini-batch,random,0.1,0.01354783685553165,0.011353322390387999
16,GD,mini-batch,zero,0.1,0.013547860003939037,0.011353337528911612
16,GD,mini-batch,sparse,0.1,0.013547995889357364,0.01135320440789855
16,GD,SGD,random,0.1,0.03393447571412747,0.03458334793226486
16,GD,SGD,zero,0.1,0.034630454913253776,0.03936896689365193
16,GD,SGD,sparse,0.1,0.033769524615504795,0.02396942548073041
16,AdaGrad,full,random,0.1,0.10589612545094051,0.11246971644240876
16,AdaGrad,full,zero,0.1,0.018957346002865198,7.7554585534091e-06
16,AdaGrad,full,sparse,0.1,0.018970445187624984,1.1823031012140057e-05
16,AdaGrad,mini-batch,random,0.1,0.11034749316133115,0.11721153542128672
16,AdaGrad,mini-batch,zero,0.1,0.015206252558217252,0.008185235785941393
16,AdaGrad,mini-batch,sparse,0.1,0.015157457400917809,0.010036040032604939
16,AdaGrad,SGD,random,0.1,0.35965855901933536,0.36693008836993535
16,AdaGrad,SGD,zero,0.1,0.02508405151911367,0.014902749158486581
16,AdaGrad,SGD,sparse,0.1,0.1382769000606641,0.12807747970308844
16,RMSProp,full,random,0.1,0.10008594218521684,0.09999999077641646
16,RMSProp,full,zero,0.1,0.10008594218521659,0.0999999907764162
16,RMSProp,full,sparse,0.1,0.10345048600728148,0.09999999077641793
16,RMSProp,mini-batch,random,0.1,0.12047852893230872,0.11808830923542897
16,RMSProp,mini-batch,zero,0.1,0.12047852893230868,0.11808830923542894
16,RMSProp,mini-batch,sparse,0.1,0.1204785289323088,0.11808830923542905
16,RMSProp,SGD,random,0.1,0.18024257749545644,0.1865749370262637
16,RMSProp,SGD,zero,0.1,0.13879330995575384,0.15368828423523193
16,RMSProp,SGD,sparse,0.1,0.2607311547313285,0.2561796276148462
16,Adam,full,random,0.1,0.01896315595672659,9.057848289240456e-16
16,Adam,full,zero,0.1,0.018963155956726697,9.95586200658207e-16
16,Adam,full,sparse,0.1,0.018963155956726586,9.034845555236477e-16
16,Adam,mini-batch,random,0.1,0.021528847623040883,0.03661572200012781
16,Adam,mini-batch,zero,0.1,0.04605913992647352,0.05599618521422209
16,Adam,mini-batch,sparse,0.1,0.047830722799689356,0.05493381650942503
16,Adam,SGD,random,0.1,0.142586797149103,0.13933960009395313
16,Adam,SGD,zero,0.1,0.16409877260610992,0.16114654584669855
16,Adam,SGD,sparse,0.1,0.11632524383359069,0.10941475467618046
17,GD,full,random,0.01,0.3072552915276969,0.3073222073689991
17,GD,full,zero,0.01,0.043200884399162545,0.05148243696886871
17,GD,full,sparse,0.01,0.39938456102898223,0.39008500348819136
17,GD,mini-batch,random,0.01,0.30397999885697247,0.30421637624142917
17,GD,mini-batch,zero,0.01,0.04225229638962016,0.05000424452486341
17,GD,mini-batch,sparse,0.01,0.4023147020072301,0.3929246214995263
17,GD,SGD,random,0.01,0.32436153510802024,0.32481778400558897
17,GD,SGD,zero,0.01,0.05079281554650834,0.05532393042379737
17,GD,SGD,sparse,0.01,0.40875623153821544,0.39941688849559337
17,AdaGrad,full,random,0.01,1.8655673031519966,1.863691090664392
17,AdaGrad,full,zero,0.01,0.2095876924470921,0.21906706193022035
17,AdaGrad,full,sparse,0.01,1.651198836270923,1.6421919294419685
17,AdaGrad,mini-batch,random,0.01,1.8693112105071512,1.8673968432394408
17,AdaGrad,mini-batch,zero,0.01,0.2113701931289691,0.22085755614985117
17,AdaGrad,mini-batch,sparse,0.01,1.6797466109380907,1.6712248957757636
17,AdaGrad,SGD,random,0.01,1.9800809389449296,1.9778237474436273
17,AdaGrad,SGD,zero,0.01,0.23008098460807216,0.23978827159789187
17,AdaGrad,SGD,sparse,0.01,1.8810653054401105,1.873225393922376
17,RMSProp,full,random,0.01,0.017863022306336178,0.009999990763612437
17,RMSProp,full,zero,0.01,0.0224209991269801,0.009999990763612604
17,RMSProp,full,sparse,0.01,0.0224209991269801,0.009999990763612604
17,RMSProp,mini-batch,random,0.01,0.022233405838330167,0.014057190295229104
17,RMSProp,mini-batch,zero,0.01,0.022233405838330167,0.014057190295229104
17,RMSProp,mini-batch,sparse,0.01,0.022233405838330167,0.014057190295229104
17,RMSProp,SGD,random,0.01,0.06975427630663979,0.06862682640767666
17,RMSProp,SGD,zero,0.01,0.03070042510819462,0.037941357045610725
17,RMSProp,SGD,sparse,0.01,0.03536946549780836,0.04836842900181478
17,Adam,full,random,0.01,0.08436709707743112,0.08201891642735021
17,Adam,full,zero,0.01,0.01763220138798822,1.2812907742927666e-09
17,Adam,full,sparse,0.01,0.017633752296011825,2.5286896097464964e-06
17,Adam,mini-batch,random,0.01,0.0894821872793914,0.08685514414454899
17,Adam,mini-batch,zero,0.01,0.020425424739021158,0.011202003993548823
17,Adam,mini-batch,sparse,0.01,0.023446995462043287,0.014486633353163842
17,Adam,SGD,random,0.01,0.2895025557562872,0.2880645375714209
17,Adam,SGD,zero,0.01,0.026749960239875577,0.02833539108264957
17,Adam,SGD,sparse,0.01,0.0904250449948866,0.0803266360117785
17,GD,full,random,0.1,0.01763219435837717,1.0397793096912926e-07
17,GD,full,zero,0.1,0.017632162332087302,4.439987568306782e-08
17,GD,full,sparse,0.1,0.017632490363999696,3.085226481628698e-07
17,GD,mini-batch,random,0.1,0.018121589681556357,0.00589155736368804
17,GD,mini-batch,zero,0.1,0.018121589993745666,0.005891601479840192
17,GD,mini-batch,sparse,0.1,0.018121930067339486,0.005891607225658079
17,GD,SGD,random,0.1,0.0764649487508726,0.07368224817112186
17,GD,SGD,zero,0.1,0.03971511698421237,0.044672519289084764
17,GD,SGD,sparse,0.1,0.03248844065539391,0.04701623126532251
17,AdaGrad,full,random,0.1,0.17266559297082346,0.17125997392536368
17,AdaGrad,full,zero,0.1,0.01763209475171682,1.3528241381922813e-07
17,AdaGrad,full,sparse,0.1,0.01805759482812067,0.0006927990119554849
17,AdaGrad,mini-batch,random,0.1,0.1777403597832786,0.17630760633577108
17,AdaGrad,mini-batch,zero,0.1,0.017888841161944277,0.004719619487885648
17,AdaGrad,mini-batch,sparse,0.1,0.017876680342668917,0.005061690299705217
17,AdaGrad,SGD,random,0.1,0.5877148123465565,0.5870754643029414
17,AdaGrad,SGD,zero,0.1,0.023564497638362773,0.01917874875047723
17,AdaGrad,SGD,sparse,0.1,0.40698025190404175,0.3977216370052799
17,RMSProp,full,random,0.1,0.09691658154063833,0.09999999076361243
17,RMSProp,full,zero,0.1,0.09691658154063833,0.09999999076361242
17,RMSProp,full,sparse,0.1,0.10596679510651445,0.09999999076361257
17,RMSProp,mini-batch,random,0.1,0.10339633847519478,0.10260209315658983
17,RMSProp,mini-batch,zero,0.1,0.10339633847519482,0.10260209315658987
17,RMSProp,mini-batch,sparse,0.1,0.10339633847519482,0.10260209315658984
17,RMSProp,SGD,random,0.1,0.30065161353569597,0.29938248898282266
17,RMSProp,SGD,zero,0.1,0.028266454117938374,0.042446013701702555
17,RMSProp,SGD,sparse,0.1,0.2968307578851069,0.3137305872736402
17,Adam,full,random,0.1,0.017632202602398218,1.383330760426861e-15
17,Adam,full,zero,0.1,0.01763220260239817,1.3383253895372864e-15
17,Adam,full,sparse,0.1,0.017632202602398235,1.3348671786163112e-15
17,Adam,mini-batch,random,0.1,0.025399249631869198,0.0204171551563617
17,Adam,mini-batch,zero,0.1,0.04361737599966191,0.03028744972995297
17,Adam,mini-batch,sparse,0.1,0.040299039220720215,0.027131036537894056
17,Adam,SGD,random,0.1,0.13115402413989063,0.13399402615882572
17,Adam,SGD,zero,0.1,0.16256416868120221,0.17398353418334403
17,Adam,SGD,sparse,0.1,0.09428885398792522,0.10261295632702622
18,GD,full,random,0.01,0.23052797488345106,0.23119230949718117
18,GD,full,zero,0.01,0.08800991448848092,0.08020487804874575
18,GD,full,sparse,0.01,0.31234722006023397,0.31768321810333955
18,GD,mini-batch,random,0.01,0.22753290346677016,0.22801222034369717
18,GD,mini-batch,zero,0.01,0.08542006405433086,0.0777561918945139
18,GD,mini-batch,sparse,0.01,0.3098891965868471,0.31519644130019236
18,GD,SGD,random,0.01,0.2237233322560652,0.22417187390397816
18,GD,SGD,zero,0.01,0.10156702543176124,0.093867419103932
18,GD,SGD,sparse,0.01,0.3177518603227604,0.322668650768048
18,AdaGrad,full,random,0.01,1.4190733981103227,1.4224365291594603
18,AdaGrad,full,zero,0.01,0.3337282606784799,0.3259278687867473
18,AdaGrad,full,sparse,0.01,1.354738295404899,1.3607062582211455
18,AdaGrad,mini-batch,random,0.01,1.4292370857815841,1.4326280891739536
18,AdaGrad,mini-batch,zero,0.01,0.33876728933860634,0.33107577015222805
18,AdaGrad,mini-batch,sparse,0.01,1.404386256823518,1.4097040360707862
18,AdaGrad,SGD,random,0.01,1.5411967287411754,1.5449893505465222
18,AdaGrad,SGD,zero,0.01,0.3617379163177699,0.3539116528968932
18,AdaGrad,SGD,sparse,0.01,1.6395268312095994,1.6443648179726487
18,RMSProp,full,random,0.01,0.015119790442192532,0.009999990469350878
18,RMSProp,full,zero,0.01,0.015119790442192554,0.009999990469350975
18,RMSProp,full,sparse,0.01,0.015119790442192567,0.00999999046935103
18,RMSProp,mini-batch,random,0.01,0.04428843980790568,0.03567791152730356
18,RMSProp,mini-batch,zero,0.01,0.04428843980790573,0.0356779115273036
18,RMSProp,mini-batch,sparse,0.01,0.04428843980790568,0.03567791152730356
18,RMSProp,SGD,random,0.01,0.032305435350418035,0.020338151861702482
18,RMSProp,SGD,zero,0.01,0.07695683707845338,0.06548450989466309
18,RMSProp,SGD,sparse,0.01,0.027659422609727938,0.018961303897436804
18,Adam,full,random,0.01,0.04318211516619314,0.04536015795917507
18,Adam,full,zero,0.01,0.015476068415420152,4.5616136682371006e-07
18,Adam,full,sparse,0.01,0.015475929977750493,6.481748851730438e-09
18,Adam,mini-batch,random,0.01,0.047352887683841806,0.049317466836981246
18,Adam,mini-batch,zero,0.01,0.017166018475715757,0.005014241672041673
18,Adam,mini-batch,sparse,0.01,0.016890418914824172,0.012638960732252496
18,Adam,SGD,random,0.01,0.133054788748713,0.13532800363702463
18,Adam,SGD,zero,0.01,0.07611852318432112,0.06122624432335718
18,Adam,SGD,sparse,0.01,0.028876991551085557,0.021118332997452586
18,GD,full,random,0.1,0.015475852302936353,2.290652207970579e-07
18,GD,full,zero,0.1,0.015475973215255864,9.676279191896895e-08
18,GD,full,sparse,0.1,0.015475844806106913,1.4491714238337946e-07
18,GD,mini-batch,random,0.1,0.021057100989264874,0.00762780910612484
18,GD,mini-batch,zero,0.1,0.02105722752855233,0.007627984044501468
18,GD,mini-batch,sparse,0.1,0.02105709958676826,0.007627845251303459
18,GD,SGD,random,0.1,0.024028957549795237,0.01653981931485849
18,GD,SGD,zero,0.1,0.07549852312125917,0.06491453448262592
18,GD,SGD,sparse,0.1,0.0177882405050871,0.01622991034116913
18,AdaGrad,full,random,0.1,0.0928289023001722,0.09587347301562095
18,AdaGrad,full,zero,0.1,0.01547810966344937,7.4563733684225875e-06
18,AdaGrad,full,sparse,0.1,0.015454300335429732,5.022471224502254e-05
18,AdaGrad,mini-batch,random,0.1,0.10963514050523647,0.1128672648416081
18,AdaGrad,mini-batch,zero,0.1,0.01845724315793678,0.004044662800045726
18,AdaGrad,mini-batch,sparse,0.1,0.017931515667117145,0.005280730716522848
18,AdaGrad,SGD,random,0.1,0.29868868001841536,0.30151344564189186
18,AdaGrad,SGD,zero,0.1,0.04230998082377048,0.030396066160713508
18,AdaGrad,SGD,sparse,0.1,0.1496923139799158,0.15561634535016577
18,RMSProp,full,random,0.1,0.09555385504170076,0.09999999046935094
18,RMSProp,full,zero,0.1,0.0955538550417008,0.09999999046935099
18,RMSProp,full,sparse,0.1,0.09555385504170083,0.09999999046935099
18,RMSProp,mini-batch,random,0.1,0.17481916592237393,0.16763842830404563
18,RMSProp,mini-batch,zero,0.1,0.17481916592237423,0.16763842830404593
18,RMSProp,mini-batch,sparse,0.1,0.17481916592237357,0.16763842830404527
18,RMSProp,SGD,random,0.1,0.30571101288951386,0.3169560519490943
18,RMSProp,SGD,zero,0.1,0.20865157924769134,0.20948559159331429
18,RMSProp,SGD,sparse,0.1,0.3407367655226041,0.34911876891181165
18,Adam,full,random,0.1,0.015475932803161572,6.781681728890496e-16
18,Adam,full,zero,0.1,0.015475932803161634,7.32242375526988e-16
18,Adam,full,sparse,0.1,0.015475932803161667,7.550332863779066e-16
18,Adam,mini-batch,random,0.1,0.04820771190376942,0.042661221523034726
18,Adam,mini-batch,zero,0.1,0.11305267005255573,0.10428488730945629
18,Adam,mini-batch,sparse,0.1,0.09412855069444379,0.08410189296830815
18,Adam,SGD,random,0.1,0.09494669385367781,0.09038203669930793
18,Adam,SGD,zero,0.1,0.1769511172668844,0.17453137343836822
18,Adam,SGD,sparse,0.1,0.126910361188884,0.13794119257428714
19,GD,full,random,0.01,0.34883848415959223,0.3487877928118487
19,GD,full,zero,0.01,0.09813473463406912,0.09861934823188137
19,GD,full,sparse,0.01,0.43393573568589344,0.4324327540901416
19,GD,mini-batch,random,0.01,0.3488629780049343,0.34880568270914386
19,GD,mini-batch,zero,0.01,0.09740869820192599,0.09791823756327776
19,GD,mini-batch,sparse,0.01,0.43639091013631465,0.43487058219291286
19,GD,SGD,random,0.01,0.4170802104513932,0.4169108218785011
19,GD,SGD,zero,0.01,0.10541967978733648,0.10599243123065613
19,GD,SGD,sparse,0.01,0.467325152136113,0.46593992605786405
19,AdaGrad,full,random,0.01,2.1495242460219917,2.1496091308182783
19,AdaGrad,full,zero,0.01,0.42841291968815676,0.42894150055923785
19,AdaGrad,full,sparse,0.01,1.8747916119195838,1.8732718683732346
19,AdaGrad,mini-batch,random,0.01,2.15399403983807,2.1540826090564327
19,AdaGrad,mini-batch,zero,0.01,0.42848755140577316,0.42902275765958936
19,AdaGrad,mini-batch,sparse,0.01,1.9124390911696982,1.9109627798224444
19,AdaGrad,SGD,random,0.01,2.2626502958211305,2.2627406497204765
19,AdaGrad,SGD,zero,0.01,0.48538195497566583,0.485903856957188
19,AdaGrad,SGD,sparse,0.01,2.03555544455933,2.0341852019585143
19,RMSProp,full,random,0.01,0.010359193614344446,0.009999990694688071
19,RMSProp,full,zero,0.01,0.010359193614344446,0.009999990694688064
19,RMSProp,full,sparse,0.01,0.010237108559362718,0.009999990694687058
19,RMSProp,mini-batch,random,0.01,0.026509712119121197,0.02774759318868805
19,RMSProp,mini-batch,zero,0.01,0.02650971211912116,0.027747593188688004
19,RMSProp,mini-batch,sparse,0.01,0.02650971211912117,0.027747593188688018
19,RMSProp,SGD,random,0.01,0.05689711716709953,0.05688050708398199
19,RMSProp,SGD,zero,0.01,0.06027948052220895,0.06080093276325526
19,RMSProp,SGD,sparse,0.01,0.06061562467410807,0.05978663214107431
19,Adam,full,random,0.01,0.11017901777581424,0.10971440687053471
19,Adam,full,zero,0.01,0.0024608592201141636,3.10580560809424e-11
19,Adam,full,sparse,0.01,0.002491528240141465,4.069218809865387e-05
19,Adam,mini-batch,random,0.01,0.11486927933329974,0.11444736395539283
19,Adam,mini-batch,zero,0.01,0.00838298727872961,0.010022979639408855
19,Adam,mini-batch,sparse,0.01,0.006632506661210396,0.007935565743334158
19,Adam,SGD,random,0.01,0.3124166285802225,0.3124638693724675
19,Adam,SGD,zero,0.01,0.0548785401827536,0.05616259780918863
19,Adam,SGD,sparse,0.01,0.0663309680065777,0.0655926306505558
19,GD,full,random,0.1,0.0024609088881379876,1.079693878920939e-07
19,GD,full,zero,0.1,0.002460864364980516,3.3017843315835674e-08
19,GD,full,sparse,0.1,0.0024610392551201715,2.1762474288333872e-07
19,GD,mini-batch,random,0.1,0.009146060610571419,0.010150317026369595
19,GD,mini-batch,zero,0.1,0.00914607270329111,0.010150339095735535
19,GD,mini-batch,sparse,0.1,0.009146004921815191,0.010150228159082501
19,GD,SGD,random,0.1,0.06726707259691939,0.06863227374408315
19,GD,SGD,zero,0.1,0.07135731405970923,0.072900599557199
19,GD,SGD,sparse,0.1,0.06168053725275147,0.0620503245205766
19,AdaGrad,full,random,0.1,0.22780489392612666,0.2274288668048029
19,AdaGrad,full,zero,0.1,0.0024608534518044925,9.437348722171281e-08
19,AdaGrad,full,sparse,0.1,0.005072670219940776,0.0029735259083046237
19,AdaGrad,mini-batch,random,0.1,0.222958138440825,0.22259619969952216
19,AdaGrad,mini-batch,zero,0.1,0.008715446358970272,0.009688569777163635
19,AdaGrad,mini-batch,sparse,0.1,0.013593973457934531,0.012444061049182012
19,AdaGrad,SGD,random,0.1,0.7305773364421911,0.730386170910445
19,AdaGrad,SGD,zero,0.1,0.03402815727866255,0.035349662012141195
19,AdaGrad,SGD,sparse,0.1,0.31299647317237056,0.3116390463008423
19,RMSProp,full,random,0.1,0.09996740196433196,0.09999999069468703
19,RMSProp,full,zero,0.1,0.10009308906505408,0.09999999069468808
19,RMSProp,full,sparse,0.1,0.09996740196433196,0.09999999069468703
19,RMSProp,mini-batch,random,0.1,0.11360925369208369,0.11424388444896995
19,RMSProp,mini-batch,zero,0.1,0.11360925369209919,0.11424388444898541
19,RMSProp,mini-batch,sparse,0.1,0.11360925369209286,0.1142438844489791
19,RMSProp,SGD,random,0.1,0.3037869203517145,0.30452268569552704
19,RMSProp,SGD,zero,0.1,0.24639911700469858,0.24805281722639239
19,RMSProp,SGD,sparse,0.1,0.27126336785805216,0.2710340771663822
19,Adam,full,random,0.1,0.0024608592206763523,7.43207042519283e-16
19,Adam,full,zero,0.1,0.0024608592206764313,8.230124916676483e-16
19,Adam,full,sparse,0.1,0.0024608592206764616,8.423257039365816e-16
19,Adam,mini-batch,random,0.1,0.03131215706947544,0.03242611302283382
19,Adam,mini-batch,zero,0.1,0.03487809804395691,0.03658721106895039
19,Adam,mini-batch,sparse,0.1,0.013964653315195478,0.016030989144142273
19,Adam,SGD,random,0.1,0.28999490534610417,0.2918142427100501
19,Adam,SGD,zero,0.1,0.2426745325083188,0.24409665601724173
19,Adam,SGD,sparse,0.1,0.2517885799557258,0.25319350341108826
