seed,n_outliers,Oracle,Naive,ratio_lr0.01,ratio_lr0.01_clean_kept,ratio_lr0.01_outliers_left,ratio_lr0.01_cycles,ratio_lr0.01_stopped,ratio_lr0.01_removed_clean_pos,ratio_lr0.01_removed_clean_neg,ratio_lr0.1,ratio_lr0.1_clean_kept,ratio_lr0.1_outliers_left,ratio_lr0.1_cycles,ratio_lr0.1_stopped,ratio_lr0.1_removed_clean_pos,ratio_lr0.1_removed_clean_neg,ratio_lr0.5,ratio_lr0.5_clean_kept,ratio_lr0.5_outliers_left,ratio_lr0.5_cycles,ratio_lr0.5_stopped,ratio_lr0.5_removed_clean_pos,ratio_lr0.5_removed_clean_neg,readmit_lr0.01,readmit_lr0.01_clean_kept,readmit_lr0.01_outliers_left,readmit_lr0.01_cycles,readmit_lr0.01_stopped,readmit_lr0.01_removed_clean_pos,readmit_lr0.01_removed_clean_neg,readmit_lr0.1,readmit_lr0.1_clean_kept,readmit_lr0.1_outliers_left,readmit_lr0.1_cycles,readmit_lr0.1_stopped,readmit_lr0.1_removed_clean_pos,readmit_lr0.1_removed_clean_neg,readmit_lr0.5,readmit_lr0.5_clean_kept,readmit_lr0.5_outliers_left,readmit_lr0.5_cycles,readmit_lr0.5_stopped,readmit_lr0.5_removed_clean_pos,readmit_lr0.5_removed_clean_neg
0,92,0.029211322573062835,0.1312355251663121,0.03176026440998109,810,0,3,True,56,42,0.03174452969973787,810,0,3,True,56,42,0.03175445298249585,810,0,3,True,56,42,0.03135751982928578,905,1,3,True,1,2,0.031341489095452965,905,1,3,True,1,2,0.031338559613747305,905,1,3,True,1,2
21,92,0.0247045991694225,0.11753845965283823,0.03060810376384244,810,0,3,True,57,41,0.03063098962761181,810,0,3,True,57,41,0.030675395155040693,810,0,3,True,57,41,0.024814729660896814,905,0,3,True,2,1,0.024825520146986357,905,0,3,True,2,1,0.024864383802591667,905,0,3,True,2,1
22,91,0.022433031549658082,0.23681356797207878,0.016378178477153824,810,0,3,True,54,45,0.016400041068380188,810,0,3,True,54,45,0.01642691925829839,810,0,3,True,54,45,0.023361630894028713,906,0,4,True,2,1,0.023344292299552035,906,0,4,True,2,1,0.02331075094039211,906,0,4,True,2,1
23,112,0.023504573984630923,0.3427875094144389,0.04410179042799581,810,0,3,True,53,25,0.04407303056725747,810,0,3,True,53,25,0.04406143735442395,810,0,3,True,53,25,0.022804473640179297,885,0,5,False,1,2,0.02280549527291744,885,0,5,False,1,2,0.02279817998180222,885,0,5,False,1,2
24,107,0.020969334044527308,0.2300107482005302,0.030099302052854316,810,0,3,True,38,45,0.030027244342805678,810,0,3,True,38,45,0.03006824781580316,810,0,3,True,38,45,0.019363892603738362,890,0,3,True,2,1,0.019334836289263965,890,0,3,True,2,1,0.019357927741473283,890,0,3,True,2,1
25,101,0.020462876865763244,0.27564664806882694,0.02122414521060261,810,0,3,True,44,45,0.021220397280559845,810,0,3,True,44,45,0.02121646454627312,810,0,3,True,44,45,0.020859183181265284,895,0,4,True,2,2,0.02089361715198045,895,0,4,True,2,2,0.02087554879165555,895,0,4,True,2,2
26,104,0.009516453995597298,0.3539621373703259,0.023516091955975107,810,0,3,True,49,37,0.023560171397079083,810,0,3,True,49,37,0.023545895269509287,810,0,3,True,49,37,0.010067263571956246,895,0,3,True,0,1,0.010087750828092578,895,0,3,True,0,1,0.010109654282863343,895,0,3,True,0,1
27,109,0.015034206571228632,0.21259078361278863,0.0145844466281128,810,0,3,True,49,32,0.015190973278121474,810,0,3,True,48,33,0.015208557809318268,810,0,3,True,48,33,0.016414292370660617,891,2,4,True,0,0,0.01646628327993081,891,2,4,True,0,0,0.01644898209337326,891,2,4,True,0,0
28,92,0.009654868093651143,0.10763748093618618,0.011160097515501961,809,1,3,True,55,44,0.011088738939293089,809,1,3,True,55,44,0.011101905426748295,809,1,3,True,55,44,0.009972431025965423,905,2,3,True,1,2,0.00994827176870484,905,2,3,True,1,2,0.009957201687570054,905,2,3,True,1,2
29,103,0.007337299688468594,0.2765809003208504,0.024970336077373263,810,0,3,True,45,42,0.025027442989995347,810,0,3,True,45,42,0.0250410799159295,810,0,3,True,45,42,0.007416720704531657,893,0,3,True,2,2,0.007415927161925468,893,0,3,True,2,2,0.0073868864517963725,893,0,3,True,2,2
30,92,0.01831779814147453,0.2761387180098698,0.024270770874547987,810,0,3,True,46,52,0.024240506970017107,810,0,3,True,46,52,0.024268544654741618,810,0,3,True,46,52,0.01805577855930515,907,0,4,True,0,1,0.018080172398202872,907,0,4,True,0,1,0.018103238957928085,907,0,4,True,0,1
31,99,0.03705866375478338,0.16986024636085373,0.03183698990609437,810,0,3,True,46,45,0.03179648047036857,810,0,3,True,46,45,0.03177235543422911,810,0,3,True,46,45,0.0357498829353699,900,0,4,True,0,1,0.03576900933182056,900,0,4,True,0,1,0.03575980677305165,900,0,4,True,0,1
32,81,0.01681154219237382,0.12956890635719204,0.021932098621040643,810,0,3,True,57,52,0.021972748971254473,810,0,3,True,57,52,0.021975236510037088,810,0,3,True,57,52,0.014431850970311392,916,1,3,True,2,1,0.014480837117638406,916,1,3,True,2,1,0.014445127262047455,916,1,3,True,2,1
33,89,0.003119973340731619,0.1309139193099414,0.0028655219909494043,809,1,3,True,52,50,0.002893539070009625,809,1,3,True,52,50,0.0029048378115364907,809,1,3,True,52,50,0.0029198220265127203,911,2,3,True,0,0,0.0029091830094381318,911,2,3,True,0,0,0.0028911485802120595,911,2,3,True,0,0
34,85,0.02903781357771047,0.19228206886869953,0.032539588613305685,809,1,3,True,66,40,0.03255894239570455,809,1,3,True,66,40,0.0325698255666655,809,1,3,True,66,40,0.027933571474147788,911,2,3,True,2,2,0.027942889778825405,911,2,3,True,2,2,0.02799202395219746,911,2,3,True,2,2
35,90,0.011838250863356124,0.3370738198157564,0.006118836538712033,810,0,3,True,52,48,0.006097850046447025,810,0,3,True,52,48,0.006110338474935622,810,0,3,True,52,48,0.013686918476036748,906,0,4,True,1,3,0.013643132107305571,906,0,4,True,1,3,0.01368753556905064,906,0,4,True,1,3
36,77,0.018702988418856637,0.2150449808917276,0.017631275922786446,810,0,3,True,65,48,0.017626758863457267,810,0,3,True,65,48,0.017649239444093332,810,0,3,True,65,48,0.01942230486704791,922,1,3,True,0,1,0.019430964827183206,922,1,3,True,0,1,0.019451369259868054,922,1,3,True,0,1
37,98,0.02066079323937607,0.09815058274047982,0.019707661490730093,810,0,3,True,43,49,0.019762703833874542,810,0,3,True,43,49,0.019715697944952485,810,0,3,True,43,49,0.018020926356189015,899,2,3,True,2,1,0.018036262408528243,899,2,3,True,2,1,0.01804810805270846,899,2,3,True,2,1
38,97,0.019803797659651262,0.2922424896992787,0.02097133472740365,810,0,3,True,48,45,0.020977336199344918,810,0,3,True,48,45,0.020986180718726863,810,0,3,True,48,45,0.020803123627710945,901,0,3,True,2,0,0.020791818844998835,901,0,3,True,2,0,0.020798676998911803,901,0,3,True,2,0
39,109,0.030184486862012562,0.2857460426749545,0.023725367489339393,810,0,3,True,46,35,0.023774906464103154,810,0,3,True,46,35,0.02497264228964194,810,0,3,True,45,36,0.030904658093769976,886,0,4,True,1,4,0.030915286265023177,886,0,4,True,1,4,0.03090149627948775,886,0,4,True,1,4
40,113,0.0235472390261733,0.31308470448384024,0.01618237851987398,810,0,3,True,42,35,0.01616218598924238,810,0,3,True,42,35,0.0161491513247381,810,0,3,True,42,35,0.022982774489967866,886,0,4,True,1,0,0.02296587274908754,886,0,4,True,1,0,0.022936590749983967,886,0,4,True,1,0
1,103,0.035043396200590764,0.18370258848476348,0.05031281490035237,810,0,3,True,47,40,0.0503398023912385,810,0,3,True,47,40,0.050340128714335845,810,0,3,True,47,40,0.035029589037197946,897,0,4,True,0,0,0.035080540184964086,897,0,4,True,0,0,0.035038738217152414,897,0,4,True,0,0
2,105,0.011289710461453054,0.2482839930962382,0.013325646009969626,810,0,3,True,47,38,0.013415597973663344,810,0,3,True,47,38,0.013369038180902307,810,0,3,True,47,38,0.009875454808840067,890,0,4,True,3,2,0.009843296086605845,890,0,4,True,3,2,0.009828834811073864,890,0,4,True,3,2
3,105,0.011506935332233912,0.4254975966538167,0.021626068399016728,810,0,3,True,46,39,0.02156669215993052,810,0,3,True,46,39,0.02157771589736415,810,0,3,True,46,39,0.014006198445867958,891,0,4,True,3,1,0.014030636586324278,891,0,4,True,3,1,0.014015661068543621,891,0,4,True,3,1
4,108,0.02737253789791194,0.22894181935989413,0.031147263194242287,810,0,3,True,47,35,0.03112532053613398,810,0,3,True,47,35,0.031158318513153038,810,0,3,True,47,35,0.02846412020500477,885,0,4,True,5,2,0.028449695356753055,885,0,4,True,5,2,0.028426999367681824,885,0,4,True,5,2
5,119,0.013845341829925544,0.20619033785846788,0.011500846620764007,810,0,3,True,41,30,0.011512274983702907,810,0,3,True,41,30,0.01153968043707264,810,0,3,True,41,30,0.016126277645876902,877,1,4,True,2,2,0.016124087739452047,877,1,4,True,2,2,0.016147784107737928,877,1,4,True,2,2
6,97,0.020566573628002686,0.1453453402607723,0.014402394096505788,810,0,3,True,43,50,0.01448239058733369,810,0,3,True,43,50,0.014427178448811884,810,0,3,True,43,50,0.0213996716033601,899,0,4,True,0,4,0.02143141183270526,899,0,4,True,0,4,0.021444593412619218,899,0,4,True,0,4
7,101,0.0338817984808158,0.3334421788675098,0.035994080862714835,810,0,3,True,44,45,0.0360421629398925,810,0,3,True,44,45,0.036032652631483524,810,0,3,True,44,45,0.032398092791983614,897,0,4,True,0,2,0.03244477604309592,897,0,4,True,0,2,0.03241096243094202,897,0,4,True,0,2
8,89,0.009431332006626596,0.18051492488781012,0.01375396369398562,810,0,3,True,52,49,0.013751231286253794,810,0,3,True,52,49,0.013759768324815258,810,0,3,True,52,49,0.012394604830666853,908,0,4,True,1,2,0.012388370648966644,908,0,4,True,1,2,0.012385832621492824,908,0,4,True,1,2
9,105,0.029397504113958774,0.35685677617050204,0.029642596991627933,810,0,3,True,50,35,0.02970921023597211,810,0,3,True,50,35,0.02968342288331999,810,0,3,True,50,35,0.029054834641003092,893,0,4,True,1,1,0.028996590355454,893,0,4,True,1,1,0.029057664207372606,893,0,4,True,1,1
10,97,0.017612959317624473,0.21994099295072084,0.030173862007325535,810,0,3,True,47,46,0.030099484759715012,810,0,3,True,47,46,0.030134785134492584,810,0,3,True,47,46,0.017642060077490536,903,0,3,True,0,0,0.017633034806861406,903,0,3,True,0,0,0.017615698434308973,903,0,3,True,0,0
11,102,0.012938749838263921,0.28484807563847486,0.013252617811377359,810,0,3,True,47,41,0.013266999233738884,810,0,3,True,47,41,0.013273090261110704,810,0,3,True,47,41,0.012914454595640126,898,0,4,True,0,0,0.012981392180641474,898,0,4,True,0,0,0.012940903507591165,898,0,4,True,0,0
12,94,0.0029656882677080694,0.2669488430849903,0.016800895917274898,810,0,3,True,48,48,0.016785421729000966,810,0,3,True,48,48,0.016749399306805808,810,0,3,True,48,48,0.0029771117097381204,906,0,4,True,0,0,0.0029553797269596727,906,0,4,True,0,0,0.0029843044173323984,906,0,4,True,0,0
13,95,0.0068553384458253245,0.09874510662896545,0.005809524807237304,810,0,3,True,55,40,0.005775451812255934,810,0,3,True,55,40,0.005788260843032882,810,0,3,True,55,40,0.0026302112676364277,902,0,3,True,1,2,0.0026021801097175267,902,0,3,True,1,2,0.0026093736450152707,902,0,3,True,1,2
14,102,0.026090782117172282,0.483153921822858,0.019868259597201534,810,0,3,True,46,42,0.01983151485678389,810,0,3,True,46,42,0.019835949600920236,810,0,3,True,46,42,0.026095755935667077,898,0,3,True,0,0,0.026100803244067078,898,0,3,True,0,0,0.02608738779430347,898,0,3,True,0,0
15,104,0.03244792427907131,0.27379758319962966,0.03334384289358164,810,0,3,True,43,43,0.03329902138962218,810,0,3,True,43,43,0.03331419040236719,810,0,3,True,43,43,0.03202820127179536,893,0,3,True,0,3,0.03201514982800687,893,0,3,True,0,3,0.032006794448716715,893,0,3,True,0,3
16,107,0.022522538349410166,0.2798922336943246,0.02280944556138403,810,0,3,True,42,41,0.022779603112903946,810,0,3,True,42,41,0.022790999156635478,810,0,3,True,42,41,0.025328454164074934,892,1,3,True,0,1,0.025316630442104797,892,1,3,True,0,1,0.025314068866370165,892,1,3,True,0,1
17,82,0.016635029615987625,0.10983112519177096,0.02565652843788148,810,0,3,True,49,59,0.025652571057978153,810,0,3,True,49,59,0.02561424640040384,810,0,3,True,49,59,0.014441489724460216,914,0,5,False,2,2,0.014531266571690753,914,0,5,False,2,2,0.014495966178765002,914,0,5,False,2,2
18,100,0.015612081056482817,0.15929401982621388,0.016222251226815188,810,0,3,True,46,44,0.016238799858396092,810,0,3,True,46,44,0.016300721028349636,810,0,3,True,46,44,0.01905652738563273,895,0,3,True,3,2,0.019077121044190654,895,0,3,True,3,2,0.019067465691276545,895,0,3,True,3,2
19,109,0.013385855155923955,0.18214671415221384,0.021850298281425047,810,0,3,True,41,40,0.021850160626257754,810,0,3,True,41,40,0.021837887339159076,810,0,3,True,41,40,0.018154491554976795,887,1,3,True,4,0,0.018148156811043974,887,1,3,True,4,0,0.01814345494370194,887,1,3,True,4,0
20,93,0.030175963770454475,0.28450284379064034,0.019969780231092207,809,1,3,True,51,47,0.02003969858061393,809,1,3,True,51,47,0.020049058253721257,809,1,3,True,51,47,0.03147585543622986,905,2,3,True,1,1,0.031478048342647565,905,2,3,True,1,1,0.03153776364253308,905,2,3,True,1,1
