seed,rule,k,learning_rate,weight_error,oracle,cycles,clean_total,clean_kept,outliers_left,removed_clean_pos_noise,removed_clean_neg_noise,kept_clean_mean_noise
0,ratio,2.5,0.01,0.03176026440998109,0.029211322573062835,3,908,810,0,56,42,-0.004367836507699843
0,ratio,2.5,0.1,0.03174452969973787,0.029211322573062835,3,908,810,0,56,42,-0.004367836507699843
0,ratio,2.5,0.5,0.03175445298249585,0.029211322573062835,3,908,810,0,56,42,-0.004367836507699843
0,ratio,3.0,0.01,0.03176026440998109,0.029211322573062835,3,908,810,0,56,42,-0.004367836507699843
0,ratio,3.0,0.1,0.03174452969973787,0.029211322573062835,3,908,810,0,56,42,-0.004367836507699843
0,ratio,3.0,0.5,0.03175445298249585,0.029211322573062835,3,908,810,0,56,42,-0.004367836507699843
0,ratio,4.0,0.01,0.03010180392778992,0.029211322573062835,2,908,897,3,11,0,-0.004705248917494062
0,ratio,4.0,0.1,0.030061568724525978,0.029211322573062835,2,908,897,3,11,0,-0.004705248917494062
0,ratio,4.0,0.5,0.03007399969918687,0.029211322573062835,2,908,897,3,11,0,-0.004705248917494062
0,threshold,2.5,0.01,0.024305352400658554,0.029211322573062835,3,908,863,0,40,5,-0.00911831939296298
0,threshold,2.5,0.1,0.02432211897549666,0.029211322573062835,3,908,863,0,40,5,-0.00911831939296298
0,threshold,2.5,0.5,0.02428818915331977,0.029211322573062835,3,908,863,0,40,5,-0.00911831939296298
0,threshold,3.0,0.01,0.030504928655891005,0.029211322573062835,3,908,895,1,11,2,-0.003918847168552803
0,threshold,3.0,0.1,0.030499134038790055,0.029211322573062835,3,908,895,1,11,2,-0.003918847168552803
0,threshold,3.0,0.5,0.030504171413096536,0.029211322573062835,3,908,895,1,11,2,-0.003918847168552803
0,threshold,4.0,0.01,0.03148032441058479,0.029211322573062835,2,908,907,3,1,0,-0.0019949912794751646
0,threshold,4.0,0.1,0.03144525538821561,0.029211322573062835,2,908,907,3,1,0,-0.0019949912794751646
0,threshold,4.0,0.5,0.03144748120429101,0.029211322573062835,2,908,907,3,1,0,-0.0019949912794751646
1,ratio,2.5,0.01,0.05031281490035237,0.035043396200590764,3,897,810,0,47,40,-0.005600824797835589
1,ratio,2.5,0.1,0.0503398023912385,0.035043396200590764,3,897,810,0,47,40,-0.005600824797835589
1,ratio,2.5,0.5,0.050340128714335845,0.035043396200590764,3,897,810,0,47,40,-0.005600824797835589
1,ratio,3.0,0.01,0.05031281490035237,0.035043396200590764,3,897,810,0,47,40,-0.005600824797835589
1,ratio,3.0,0.1,0.0503398023912385,0.035043396200590764,3,897,810,0,47,40,-0.005600824797835589
1,ratio,3.0,0.5,0.050340128714335845,0.035043396200590764,3,897,810,0,47,40,-0.005600824797835589
1,ratio,4.0,0.01,0.05031281490035237,0.035043396200590764,3,897,810,0,47,40,-0.005600824797835589
1,ratio,4.0,0.1,0.0503398023912385,0.035043396200590764,3,897,810,0,47,40,-0.005600824797835589
1,ratio,4.0,0.5,0.050340128714335845,0.035043396200590764,3,897,810,0,47,40,-0.005600824797835589
1,threshold,2.5,0.01,0.042145355445223145,0.035043396200590764,3,897,834,0,59,4,-0.014952705497397934
1,threshold,2.5,0.1,0.042145947236559234,0.035043396200590764,3,897,834,0,59,4,-0.014952705497397934
1,threshold,2.5,0.5,0.0421338006624495,0.035043396200590764,3,897,834,0,59,4,-0.014952705497397934
1,threshold,3.0,0.01,0.03671450000638163,0.035043396200590764,3,897,877,0,20,0,-0.008339008161765707
1,threshold,3.0,0.1,0.03671451876955888,0.035043396200590764,3,897,877,0,20,0,-0.008339008161765707
1,threshold,3.0,0.5,0.036730376011960886,0.035043396200590764,3,897,877,0,20,0,-0.008339008161765707
1,threshold,4.0,0.01,0.03502755413589107,0.035043396200590764,3,897,897,0,0,0,-0.0032212360449797293
1,threshold,4.0,0.1,0.035064094853116665,0.035043396200590764,3,897,897,0,0,0,-0.0032212360449797293
1,threshold,4.0,0.5,0.035035322736124,0.035043396200590764,3,897,897,0,0,0,-0.0032212360449797293
2,ratio,2.5,0.01,0.013325646009969626,0.011289710461453054,3,895,810,0,47,38,-0.005827158389124691
2,ratio,2.5,0.1,0.013415597973663344,0.011289710461453054,3,895,810,0,47,38,-0.005827158389124691
2,ratio,2.5,0.5,0.013369038180902307,0.011289710461453054,3,895,810,0,47,38,-0.005827158389124691
2,ratio,3.0,0.01,0.013325646009969626,0.011289710461453054,3,895,810,0,47,38,-0.005827158389124691
2,ratio,3.0,0.1,0.013415597973663344,0.011289710461453054,3,895,810,0,47,38,-0.005827158389124691
2,ratio,3.0,0.5,0.013369038180902307,0.011289710461453054,3,895,810,0,47,38,-0.005827158389124691
2,ratio,4.0,0.01,0.013325646009969626,0.011289710461453054,3,895,810,0,47,38,-0.005827158389124691
2,ratio,4.0,0.1,0.013415597973663344,0.011289710461453054,3,895,810,0,47,38,-0.005827158389124691
2,ratio,4.0,0.5,0.013369038180902307,0.011289710461453054,3,895,810,0,47,38,-0.005827158389124691
2,threshold,2.5,0.01,0.0365943557555443,0.011289710461453054,4,895,763,0,119,13,-0.021976354196999875
2,threshold,2.5,0.1,0.03657008833431428,0.011289710461453054,4,895,763,0,119,13,-0.021976354196999875
2,threshold,2.5,0.5,0.03658618607149239,0.011289710461453054,4,895,763,0,119,13,-0.021976354196999875
2,threshold,3.0,0.01,0.019689501265103677,0.011289710461453054,3,895,857,0,36,2,-0.010887746927287896
2,threshold,3.0,0.1,0.0196717503240377,0.011289710461453054,3,895,857,0,36,2,-0.010887746927287896
2,threshold,3.0,0.5,0.019687715803647803,0.011289710461453054,3,895,857,0,36,2,-0.010887746927287896
2,threshold,4.0,0.01,0.012478192093599292,0.011289710461453054,3,895,893,0,2,0,-0.004679567733676861
2,threshold,4.0,0.1,0.012452261556114954,0.011289710461453054,3,895,893,0,2,0,-0.004679567733676861
2,threshold,4.0,0.5,0.01249146472746196,0.011289710461453054,3,895,893,0,2,0,-0.004679567733676861
3,ratio,2.5,0.01,0.021626068399016728,0.011506935332233912,3,895,810,0,46,39,-0.005357352564734334
3,ratio,2.5,0.1,0.02156669215993052,0.011506935332233912,3,895,810,0,46,39,-0.005357352564734334
3,ratio,2.5,0.5,0.02157771589736415,0.011506935332233912,3,895,810,0,46,39,-0.005357352564734334
3,ratio,3.0,0.01,0.021626068399016728,0.011506935332233912,3,895,810,0,46,39,-0.005357352564734334
3,ratio,3.0,0.1,0.02156669215993052,0.011506935332233912,3,895,810,0,46,39,-0.005357352564734334
3,ratio,3.0,0.5,0.02157771589736415,0.011506935332233912,3,895,810,0,46,39,-0.005357352564734334
3,ratio,4.0,0.01,0.021626068399016728,0.011506935332233912,3,895,810,0,46,39,-0.005357352564734334
3,ratio,4.0,0.1,0.02156669215993052,0.011506935332233912,3,895,810,0,46,39,-0.005357352564734334
3,ratio,4.0,0.5,0.02157771589736415,0.011506935332233912,3,895,810,0,46,39,-0.005357352564734334
3,threshold,2.5,0.01,0.08727329732574424,0.011506935332233912,4,895,688,0,175,32,-0.029434274842000504
3,threshold,2.5,0.1,0.0872108059387555,0.011506935332233912,4,895,688,0,175,32,-0.029434274842000504
3,threshold,2.5,0.5,0.08721664016027554,0.011506935332233912,4,895,688,0,175,32,-0.029434274842000504
3,threshold,3.0,0.01,0.042892893084862466,0.011506935332233912,3,895,807,0,84,4,-0.016567129391340925
3,threshold,3.0,0.1,0.043199440449940965,0.011506935332233912,3,895,806,0,85,4,-0.016698523544849107
3,threshold,3.0,0.5,0.04287171099689165,0.011506935332233912,3,895,807,0,84,4,-0.016567129391340925
3,threshold,4.0,0.01,0.012789663096745806,0.011506935332233912,3,895,892,0,3,0,-0.0043054588221419195
3,threshold,4.0,0.1,0.012733314866113558,0.011506935332233912,3,895,892,0,3,0,-0.0043054588221419195
3,threshold,4.0,0.5,0.012737406126416547,0.011506935332233912,3,895,892,0,3,0,-0.0043054588221419195
4,ratio,2.5,0.01,0.031147263194242287,0.02737253789791194,3,892,810,0,47,35,-0.002398063187174878
4,ratio,2.5,0.1,0.03112532053613398,0.02737253789791194,3,892,810,0,47,35,-0.002398063187174878
4,ratio,2.5,0.5,0.031158318513153038,0.02737253789791194,3,892,810,0,47,35,-0.002398063187174878
4,ratio,3.0,0.01,0.031147263194242287,0.02737253789791194,3,892,810,0,47,35,-0.002398063187174878
4,ratio,3.0,0.1,0.03112532053613398,0.02737253789791194,3,892,810,0,47,35,-0.002398063187174878
4,ratio,3.0,0.5,0.031158318513153038,0.02737253789791194,3,892,810,0,47,35,-0.002398063187174878
4,ratio,4.0,0.01,0.031147263194242287,0.02737253789791194,3,892,810,0,47,35,-0.002398063187174878
4,ratio,4.0,0.1,0.03112532053613398,0.02737253789791194,3,892,810,0,47,35,-0.002398063187174878
4,ratio,4.0,0.5,0.031158318513153038,0.02737253789791194,3,892,810,0,47,35,-0.002398063187174878
4,threshold,2.5,0.01,0.032456937114002896,0.02737253789791194,4,892,713,0,164,15,-0.024519840337808862
4,threshold,2.5,0.1,0.032454716257197404,0.02737253789791194,4,892,713,0,164,15,-0.024519840337808862
4,threshold,2.5,0.5,0.032450009982718686,0.02737253789791194,4,892,713,0,164,15,-0.024519840337808862
4,threshold,3.0,0.01,0.027540010723585022,0.02737253789791194,3,892,823,0,67,2,-0.01173060920517531
4,threshold,3.0,0.1,0.027531551510358798,0.02737253789791194,3,892,823,0,67,2,-0.01173060920517531
4,threshold,3.0,0.5,0.02752740751070488,0.02737253789791194,3,892,823,0,67,2,-0.01173060920517531
4,threshold,4.0,0.01,0.02602683015709252,0.02737253789791194,2,892,889,0,3,0,-0.00034419467503420586
4,threshold,4.0,0.1,0.026062916629219668,0.02737253789791194,2,892,889,0,3,0,-0.00034419467503420586
4,threshold,4.0,0.5,0.026080099067960136,0.02737253789791194,2,892,889,0,3,0,-0.00034419467503420586
5,ratio,2.5,0.01,0.011500846620764007,0.013845341829925544,3,881,810,0,41,30,0.0036212069080014606
5,ratio,2.5,0.1,0.011512274983702907,0.013845341829925544,3,881,810,0,41,30,0.0036212069080014606
5,ratio,2.5,0.5,0.01153968043707264,0.013845341829925544,3,881,810,0,41,30,0.0036212069080014606
5,ratio,3.0,0.01,0.011500846620764007,0.013845341829925544,3,881,810,0,41,30,0.0036212069080014606
5,ratio,3.0,0.1,0.011512274983702907,0.013845341829925544,3,881,810,0,41,30,0.0036212069080014606
5,ratio,3.0,0.5,0.01153968043707264,0.013845341829925544,3,881,810,0,41,30,0.0036212069080014606
5,ratio,4.0,0.01,0.011500846620764007,0.013845341829925544,3,881,810,0,41,30,0.0036212069080014606
5,ratio,4.0,0.1,0.011512274983702907,0.013845341829925544,3,881,810,0,41,30,0.0036212069080014606
5,ratio,4.0,0.5,0.01153968043707264,0.013845341829925544,3,881,810,0,41,30,0.0036212069080014606
5,threshold,2.5,0.01,0.00602067763122635,0.013845341829925544,4,881,835,0,34,12,0.0012884983236818796
5,threshold,2.5,0.1,0.0060062632409202754,0.013845341829925544,4,881,835,0,34,12,0.0012884983236818796
5,threshold,2.5,0.5,0.00598316190871612,0.013845341829925544,4,881,835,0,34,12,0.0012884983236818796
5,threshold,3.0,0.01,0.012784780923228474,0.013845341829925544,3,881,873,1,6,2,0.004293132601153808
5,threshold,3.0,0.1,0.012822915100134244,0.013845341829925544,3,881,873,1,6,2,0.004293132601153808
5,threshold,3.0,0.5,0.01279087926995301,0.013845341829925544,3,881,873,1,6,2,0.004293132601153808
5,threshold,4.0,0.01,0.014276622769438465,0.013845341829925544,3,881,880,4,1,0,0.0050581533222684456
5,threshold,4.0,0.1,0.014294960748251638,0.013845341829925544,3,881,880,4,1,0,0.0050581533222684456
5,threshold,4.0,0.5,0.014317151906075614,0.013845341829925544,3,881,880,4,1,0,0.0050581533222684456
6,ratio,2.5,0.01,0.014402394096505788,0.020566573628002686,3,903,810,0,43,50,0.004725823071770413
6,ratio,2.5,0.1,0.01448239058733369,0.020566573628002686,3,903,810,0,43,50,0.004725823071770413
6,ratio,2.5,0.5,0.014427178448811884,0.020566573628002686,3,903,810,0,43,50,0.004725823071770413
6,ratio,3.0,0.01,0.014402394096505788,0.020566573628002686,3,903,810,0,43,50,0.004725823071770413
6,ratio,3.0,0.1,0.01448239058733369,0.020566573628002686,3,903,810,0,43,50,0.004725823071770413
6,ratio,3.0,0.5,0.014427178448811884,0.020566573628002686,3,903,810,0,43,50,0.004725823071770413
6,ratio,4.0,0.01,0.018548122039646175,0.020566573628002686,2,903,899,1,4,0,0.0015136134060467598
6,ratio,4.0,0.1,0.018487216736709684,0.020566573628002686,2,903,899,1,4,0,0.0015136134060467598
6,ratio,4.0,0.5,0.01852218600145045,0.020566573628002686,2,903,899,1,4,0,0.0015136134060467598
6,threshold,2.5,0.01,0.02580514032172313,0.020566573628002686,4,903,821,0,68,14,-0.006801845002682217
6,threshold,2.5,0.1,0.02582971477702386,0.020566573628002686,4,903,821,0,68,14,-0.006801845002682217
6,threshold,2.5,0.5,0.024333581546193465,0.020566573628002686,5,903,820,0,68,15,-0.006536950280933498
6,threshold,3.0,0.01,0.020759151976183228,0.020566573628002686,3,903,882,0,17,4,-9.104245670456405e-06
6,threshold,3.0,0.1,0.020777232034853325,0.020566573628002686,3,903,882,0,17,4,-9.104245670456405e-06
6,threshold,3.0,0.5,0.02079043006858192,0.020566573628002686,3,903,882,0,17,4,-9.104245670456405e-06
6,threshold,4.0,0.01,0.01980559818572158,0.020566573628002686,2,903,903,1,0,0,0.0024588526176024215
6,threshold,4.0,0.1,0.019767976884810093,0.020566573628002686,2,903,903,1,0,0,0.0024588526176024215
6,threshold,4.0,0.5,0.019760985340000793,0.020566573628002686,2,903,903,1,0,0,0.0024588526176024215
7,ratio,2.5,0.01,0.035994080862714835,0.0338817984808158,3,899,810,0,44,45,-0.002192340092835685
7,ratio,2.5,0.1,0.0360421629398925,0.0338817984808158,3,899,810,0,44,45,-0.002192340092835685
7,ratio,2.5,0.5,0.036032652631483524,0.0338817984808158,3,899,810,0,44,45,-0.002192340092835685
7,ratio,3.0,0.01,0.035994080862714835,0.0338817984808158,3,899,810,0,44,45,-0.002192340092835685
7,ratio,3.0,0.1,0.0360421629398925,0.0338817984808158,3,899,810,0,44,45,-0.002192340092835685
7,ratio,3.0,0.5,0.036032652631483524,0.0338817984808158,3,899,810,0,44,45,-0.002192340092835685
7,ratio,4.0,0.01,0.035994080862714835,0.0338817984808158,3,899,810,0,44,45,-0.002192340092835685
7,ratio,4.0,0.1,0.0360421629398925,0.0338817984808158,3,899,810,0,44,45,-0.002192340092835685
7,ratio,4.0,0.5,0.036032652631483524,0.0338817984808158,3,899,810,0,44,45,-0.002192340092835685
7,threshold,2.5,0.01,0.05661074196562093,0.0338817984808158,5,899,686,0,183,30,-0.02828119538272947
7,threshold,2.5,0.1,0.05659449075983582,0.0338817984808158,4,899,687,0,183,29,-0.028561259660272596
7,threshold,2.5,0.5,0.056595994665504946,0.0338817984808158,4,899,687,0,183,29,-0.028561259660272596
7,threshold,3.0,0.01,0.034927329432271004,0.0338817984808158,3,899,806,0,90,3,-0.01595965344391575
7,threshold,3.0,0.1,0.03493228140756496,0.0338817984808158,3,899,806,0,90,3,-0.01595965344391575
7,threshold,3.0,0.5,0.03494013973833349,0.0338817984808158,3,899,806,0,90,3,-0.01595965344391575
7,threshold,4.0,0.01,0.03299507711589852,0.0338817984808158,2,899,896,0,3,0,-0.003331255080633838
7,threshold,4.0,0.1,0.033000714724058654,0.0338817984808158,2,899,896,0,3,0,-0.003331255080633838
7,threshold,4.0,0.5,0.03301887482422027,0.0338817984808158,2,899,896,0,3,0,-0.003331255080633838
8,ratio,2.5,0.01,0.01375396369398562,0.009431332006626596,3,911,810,0,52,49,-0.002823763309658421
8,ratio,2.5,0.1,0.013751231286253794,0.009431332006626596,3,911,810,0,52,49,-0.002823763309658421
8,ratio,2.5,0.5,0.013759768324815258,0.009431332006626596,3,911,810,0,52,49,-0.002823763309658421
8,ratio,3.0,0.01,0.01375396369398562,0.009431332006626596,3,911,810,0,52,49,-0.002823763309658421
8,ratio,3.0,0.1,0.013751231286253794,0.009431332006626596,3,911,810,0,52,49,-0.002823763309658421
8,ratio,3.0,0.5,0.013759768324815258,0.009431332006626596,3,911,810,0,52,49,-0.002823763309658421
8,ratio,4.0,0.01,0.01375396369398562,0.009431332006626596,3,911,810,0,52,49,-0.002823763309658421
8,ratio,4.0,0.1,0.013751231286253794,0.009431332006626596,3,911,810,0,52,49,-0.002823763309658421
8,ratio,4.0,0.5,0.013759768324815258,0.009431332006626596,3,911,810,0,52,49,-0.002823763309658421
8,threshold,2.5,0.01,0.03469829525177373,0.009431332006626596,4,911,840,0,65,6,-0.013400030358653812
8,threshold,2.5,0.1,0.03473984439043934,0.009431332006626596,4,911,840,0,65,6,-0.013400030358653812
8,threshold,2.5,0.5,0.03471576002586964,0.009431332006626596,4,911,840,0,65,6,-0.013400030358653812
8,threshold,3.0,0.01,0.021567359247530286,0.009431332006626596,3,911,885,0,24,2,-0.006738093139399395
8,threshold,3.0,0.1,0.02157945441764889,0.009431332006626596,3,911,885,0,24,2,-0.006738093139399395
8,threshold,3.0,0.5,0.02160731412495302,0.009431332006626596,3,911,885,0,24,2,-0.006738093139399395
8,threshold,4.0,0.01,0.00946750325117804,0.009431332006626596,3,911,910,0,1,0,-0.0023038924516985567
8,threshold,4.0,0.1,0.009498854231598509,0.009431332006626596,3,911,910,0,1,0,-0.0023038924516985567
8,threshold,4.0,0.5,0.009471754425753128,0.009431332006626596,3,911,910,0,1,0,-0.0023038924516985567
9,ratio,2.5,0.01,0.029642596991627933,0.029397504113958774,3,895,810,0,50,35,-0.004496421284847179
9,ratio,2.5,0.1,0.02970921023597211,0.029397504113958774,3,895,810,0,50,35,-0.004496421284847179
9,ratio,2.5,0.5,0.02968342288331999,0.029397504113958774,3,895,810,0,50,35,-0.004496421284847179
9,ratio,3.0,0.01,0.029642596991627933,0.029397504113958774,3,895,810,0,50,35,-0.004496421284847179
9,ratio,3.0,0.1,0.02970921023597211,0.029397504113958774,3,895,810,0,50,35,-0.004496421284847179
9,ratio,3.0,0.5,0.02968342288331999,0.029397504113958774,3,895,810,0,50,35,-0.004496421284847179
9,ratio,4.0,0.01,0.029642596991627933,0.029397504113958774,3,895,810,0,50,35,-0.004496421284847179
9,ratio,4.0,0.1,0.02970921023597211,0.029397504113958774,3,895,810,0,50,35,-0.004496421284847179
9,ratio,4.0,0.5,0.02968342288331999,0.029397504113958774,3,895,810,0,50,35,-0.004496421284847179
9,threshold,2.5,0.01,0.07059570700011494,0.029397504113958774,4,895,797,0,90,8,-0.012783739484274002
9,threshold,2.5,0.1,0.07058645829111884,0.029397504113958774,5,895,797,0,90,8,-0.012783739484274002
9,threshold,2.5,0.5,0.07049894972862228,0.029397504113958774,5,895,797,0,90,8,-0.012783739484274002
9,threshold,3.0,0.01,0.045490272819076104,0.029397504113958774,3,895,867,0,27,1,-0.00603431405730798
9,threshold,3.0,0.1,0.045504739133615024,0.029397504113958774,3,895,867,0,27,1,-0.00603431405730798
9,threshold,3.0,0.5,0.04552329343906754,0.029397504113958774,3,895,867,0,27,1,-0.00603431405730798
9,threshold,4.0,0.01,0.029445075139446355,0.029397504113958774,2,895,895,0,0,0,-0.0009181781506854271
9,threshold,4.0,0.1,0.02939244388044148,0.029397504113958774,2,895,895,0,0,0,-0.0009181781506854271
9,threshold,4.0,0.5,0.029391995617286306,0.029397504113958774,2,895,895,0,0,0,-0.0009181781506854271
10,ratio,2.5,0.01,0.030173862007325535,0.017612959317624473,3,903,810,0,47,46,-0.004575327181871227
10,ratio,2.5,0.1,0.030099484759715012,0.017612959317624473,3,903,810,0,47,46,-0.004575327181871227
10,ratio,2.5,0.5,0.030134785134492584,0.017612959317624473,3,903,810,0,47,46,-0.004575327181871227
10,ratio,3.0,0.01,0.030173862007325535,0.017612959317624473,3,903,810,0,47,46,-0.004575327181871227
10,ratio,3.0,0.1,0.030099484759715012,0.017612959317624473,3,903,810,0,47,46,-0.004575327181871227
10,ratio,3.0,0.5,0.030134785134492584,0.017612959317624473,3,903,810,0,47,46,-0.004575327181871227
10,ratio,4.0,0.01,0.030173862007325535,0.017612959317624473,3,903,810,0,47,46,-0.004575327181871227
10,ratio,4.0,0.1,0.030099484759715012,0.017612959317624473,3,903,810,0,47,46,-0.004575327181871227
10,ratio,4.0,0.5,0.030134785134492584,0.017612959317624473,3,903,810,0,47,46,-0.004575327181871227
10,threshold,2.5,0.01,0.016747103258921533,0.017612959317624473,4,903,853,0,46,4,-0.01283801647243725
10,threshold,2.5,0.1,0.01670911285396171,0.017612959317624473,4,903,853,0,46,4,-0.01283801647243725
10,threshold,2.5,0.5,0.016701582683454032,0.017612959317624473,4,903,853,0,46,4,-0.01283801647243725
10,threshold,3.0,0.01,0.010840491999811012,0.017612959317624473,3,903,895,0,8,0,-0.006280150554536073
10,threshold,3.0,0.1,0.010831217177087403,0.017612959317624473,3,903,895,0,8,0,-0.006280150554536073
10,threshold,3.0,0.5,0.010808977474044036,0.017612959317624473,3,903,895,0,8,0,-0.006280150554536073
10,threshold,4.0,0.01,0.025607162863385855,0.017612959317624473,3,903,903,4,0,0,-0.004297513273886363
10,threshold,4.0,0.1,0.025612965561858533,0.017612959317624473,3,903,903,4,0,0,-0.004297513273886363
10,threshold,4.0,0.5,0.025577462833785067,0.017612959317624473,3,903,903,4,0,0,-0.004297513273886363
11,ratio,2.5,0.01,0.013252617811377359,0.012938749838263921,3,898,810,0,47,41,0.00028193076842260626
11,ratio,2.5,0.1,0.013266999233738884,0.012938749838263921,3,898,810,0,47,41,0.00028193076842260626
11,ratio,2.5,0.5,0.013273090261110704,0.012938749838263921,3,898,810,0,47,41,0.00028193076842260626
11,ratio,3.0,0.01,0.013252617811377359,0.012938749838263921,3,898,810,0,47,41,0.00028193076842260626
11,ratio,3.0,0.1,0.013266999233738884,0.012938749838263921,3,898,810,0,47,41,0.00028193076842260626
11,ratio,3.0,0.5,0.013273090261110704,0.012938749838263921,3,898,810,0,47,41,0.00028193076842260626
11,ratio,4.0,0.01,0.013252617811377359,0.012938749838263921,3,898,810,0,47,41,0.00028193076842260626
11,ratio,4.0,0.1,0.013266999233738884,0.012938749838263921,3,898,810,0,47,41,0.00028193076842260626
11,ratio,4.0,0.5,0.013273090261110704,0.012938749838263921,3,898,810,0,47,41,0.00028193076842260626
11,threshold,2.5,0.01,0.06824745376772842,0.012938749838263921,3,898,762,0,128,8,-0.01770027420751526
11,threshold,2.5,0.1,0.06831088922976467,0.012938749838263921,3,898,762,0,128,8,-0.01770027420751526
11,threshold,2.5,0.5,0.06829635243313278,0.012938749838263921,3,898,762,0,128,8,-0.01770027420751526
11,threshold,3.0,0.01,0.03386738757955641,0.012938749838263921,3,898,842,0,54,2,-0.007841586859906467
11,threshold,3.0,0.1,0.03388140581094816,0.012938749838263921,3,898,842,0,54,2,-0.007841586859906467
11,threshold,3.0,0.5,0.033934706913408816,0.012938749838263921,3,898,842,0,54,2,-0.007841586859906467
11,threshold,4.0,0.01,0.011466712235110171,0.012938749838263921,3,898,897,1,1,0,0.0015506856130834482
11,threshold,4.0,0.1,0.011502073640217093,0.012938749838263921,3,898,897,1,1,0,0.0015506856130834482
11,threshold,4.0,0.5,0.011486940324597603,0.012938749838263921,3,898,897,1,1,0,0.0015506856130834482
12,ratio,2.5,0.01,0.016800895917274898,0.0029656882677080694,3,906,810,0,48,48,0.0018604875087614812
12,ratio,2.5,0.1,0.016785421729000966,0.0029656882677080694,3,906,810,0,48,48,0.0018604875087614812
12,ratio,2.5,0.5,0.016749399306805808,0.0029656882677080694,3,906,810,0,48,48,0.0018604875087614812
12,ratio,3.0,0.01,0.016800895917274898,0.0029656882677080694,3,906,810,0,48,48,0.0018604875087614812
12,ratio,3.0,0.1,0.016785421729000966,0.0029656882677080694,3,906,810,0,48,48,0.0018604875087614812
12,ratio,3.0,0.5,0.016749399306805808,0.0029656882677080694,3,906,810,0,48,48,0.0018604875087614812
12,ratio,4.0,0.01,0.016800895917274898,0.0029656882677080694,3,906,810,0,48,48,0.0018604875087614812
12,ratio,4.0,0.1,0.016785421729000966,0.0029656882677080694,3,906,810,0,48,48,0.0018604875087614812
12,ratio,4.0,0.5,0.016749399306805808,0.0029656882677080694,3,906,810,0,48,48,0.0018604875087614812
12,threshold,2.5,0.01,0.057940553236465506,0.0029656882677080694,3,906,727,0,161,18,-0.021089254587698995
12,threshold,2.5,0.1,0.05797480646543289,0.0029656882677080694,3,906,727,0,161,18,-0.021089254587698995
12,threshold,2.5,0.5,0.05797369262170235,0.0029656882677080694,3,906,727,0,161,18,-0.021089254587698995
12,threshold,3.0,0.01,0.035739108406633066,0.0029656882677080694,3,906,827,0,78,1,-0.012059112716898822
12,threshold,3.0,0.1,0.03571297963347885,0.0029656882677080694,3,906,827,0,78,1,-0.012059112716898822
12,threshold,3.0,0.5,0.035729834953624175,0.0029656882677080694,3,906,827,0,78,1,-0.012059112716898822
12,threshold,4.0,0.01,0.00955453690361031,0.0029656882677080694,3,906,898,0,8,0,0.0003531902268738022
12,threshold,4.0,0.1,0.009485621241845816,0.0029656882677080694,3,906,898,0,8,0,0.0003531902268738022
12,threshold,4.0,0.5,0.009495601625385307,0.0029656882677080694,3,906,898,0,8,0,0.0003531902268738022
13,ratio,2.5,0.01,0.005809524807237304,0.0068553384458253245,3,905,810,0,55,40,-0.0016600298895295042
13,ratio,2.5,0.1,0.005775451812255934,0.0068553384458253245,3,905,810,0,55,40,-0.0016600298895295042
13,ratio,2.5,0.5,0.005788260843032882,0.0068553384458253245,3,905,810,0,55,40,-0.0016600298895295042
13,ratio,3.0,0.01,0.005809524807237304,0.0068553384458253245,3,905,810,0,55,40,-0.0016600298895295042
13,ratio,3.0,0.1,0.005775451812255934,0.0068553384458253245,3,905,810,0,55,40,-0.0016600298895295042
13,ratio,3.0,0.5,0.005788260843032882,0.0068553384458253245,3,905,810,0,55,40,-0.0016600298895295042
13,ratio,4.0,0.01,0.005809524807237304,0.0068553384458253245,3,905,810,0,55,40,-0.0016600298895295042
13,ratio,4.0,0.1,0.005775451812255934,0.0068553384458253245,3,905,810,0,55,40,-0.0016600298895295042
13,ratio,4.0,0.5,0.005788260843032882,0.0068553384458253245,3,905,810,0,55,40,-0.0016600298895295042
13,threshold,2.5,0.01,0.013680660295740638,0.0068553384458253245,4,905,858,0,34,13,-0.002913016411021567
13,threshold,2.5,0.1,0.013728442838207351,0.0068553384458253245,4,905,858,0,34,13,-0.002913016411021567
13,threshold,2.5,0.5,0.013741956695473055,0.0068553384458253245,4,905,858,0,34,13,-0.002913016411021567
13,threshold,3.0,0.01,0.0017378185248389983,0.0068553384458253245,3,905,894,0,9,2,-0.000510468597587809
13,threshold,3.0,0.1,0.0016539315663382838,0.0068553384458253245,3,905,894,0,9,2,-0.000510468597587809
13,threshold,3.0,0.5,0.0017022960082515182,0.0068553384458253245,3,905,894,0,9,2,-0.000510468597587809
13,threshold,4.0,0.01,0.006193325107243946,0.0068553384458253245,3,905,905,1,0,0,0.0013397188742771292
13,threshold,4.0,0.1,0.006187684188867416,0.0068553384458253245,3,905,905,1,0,0,0.0013397188742771292
13,threshold,4.0,0.5,0.006191969830412541,0.0068553384458253245,3,905,905,1,0,0,0.0013397188742771292
14,ratio,2.5,0.01,0.019868259597201534,0.026090782117172282,3,898,810,0,46,42,-0.002817709099100307
14,ratio,2.5,0.1,0.01983151485678389,0.026090782117172282,3,898,810,0,46,42,-0.002817709099100307
14,ratio,2.5,0.5,0.019835949600920236,0.026090782117172282,3,898,810,0,46,42,-0.002817709099100307
14,ratio,3.0,0.01,0.019868259597201534,0.026090782117172282,3,898,810,0,46,42,-0.002817709099100307
14,ratio,3.0,0.1,0.01983151485678389,0.026090782117172282,3,898,810,0,46,42,-0.002817709099100307
14,ratio,3.0,0.5,0.019835949600920236,0.026090782117172282,3,898,810,0,46,42,-0.002817709099100307
14,ratio,4.0,0.01,0.019868259597201534,0.026090782117172282,3,898,810,0,46,42,-0.002817709099100307
14,ratio,4.0,0.1,0.01983151485678389,0.026090782117172282,3,898,810,0,46,42,-0.002817709099100307
14,ratio,4.0,0.5,0.019835949600920236,0.026090782117172282,3,898,810,0,46,42,-0.002817709099100307
14,threshold,2.5,0.01,0.051412818374307695,0.026090782117172282,3,898,825,0,64,9,-0.010677916034351646
14,threshold,2.5,0.1,0.051385156811443684,0.026090782117172282,3,898,825,0,64,9,-0.010677916034351646
14,threshold,2.5,0.5,0.05140252176203248,0.026090782117172282,3,898,825,0,64,9,-0.010677916034351646
14,threshold,3.0,0.01,0.03260631562020147,0.026090782117172282,2,898,886,0,12,0,-0.0038689052089205
14,threshold,3.0,0.1,0.03254104260970704,0.026090782117172282,2,898,886,0,12,0,-0.0038689052089205
14,threshold,3.0,0.5,0.03256841188677518,0.026090782117172282,2,898,886,0,12,0,-0.0038689052089205
14,threshold,4.0,0.01,0.026990917424895743,0.026090782117172282,3,898,897,0,1,0,-0.0020275876053499047
14,threshold,4.0,0.1,0.02699189008091545,0.026090782117172282,3,898,897,0,1,0,-0.0020275876053499047
14,threshold,4.0,0.5,0.02698451431613023,0.026090782117172282,3,898,897,0,1,0,-0.0020275876053499047
15,ratio,2.5,0.01,0.03334384289358164,0.03244792427907131,3,896,810,0,43,43,-0.004564469154883434
15,ratio,2.5,0.1,0.03329902138962218,0.03244792427907131,3,896,810,0,43,43,-0.004564469154883434
15,ratio,2.5,0.5,0.03331419040236719,0.03244792427907131,3,896,810,0,43,43,-0.004564469154883434
15,ratio,3.0,0.01,0.03334384289358164,0.03244792427907131,3,896,810,0,43,43,-0.004564469154883434
15,ratio,3.0,0.1,0.03329902138962218,0.03244792427907131,3,896,810,0,43,43,-0.004564469154883434
15,ratio,3.0,0.5,0.03331419040236719,0.03244792427907131,3,896,810,0,43,43,-0.004564469154883434
15,ratio,4.0,0.01,0.03334384289358164,0.03244792427907131,3,896,810,0,43,43,-0.004564469154883434
15,ratio,4.0,0.1,0.03329902138962218,0.03244792427907131,3,896,810,0,43,43,-0.004564469154883434
15,ratio,4.0,0.5,0.03331419040236719,0.03244792427907131,3,896,810,0,43,43,-0.004564469154883434
15,threshold,2.5,0.01,0.05187956109801416,0.03244792427907131,3,896,798,0,90,8,-0.01835404394149288
15,threshold,2.5,0.1,0.05185070769738594,0.03244792427907131,3,896,798,0,90,8,-0.01835404394149288
15,threshold,2.5,0.5,0.051829260530740384,0.03244792427907131,3,896,798,0,90,8,-0.01835404394149288
15,threshold,3.0,0.01,0.03946160867944022,0.03244792427907131,3,896,869,0,24,3,-0.008425301477376716
15,threshold,3.0,0.1,0.03941389123618929,0.03244792427907131,3,896,869,0,24,3,-0.008425301477376716
15,threshold,3.0,0.5,0.039451019893508944,0.03244792427907131,3,896,869,0,24,3,-0.008425301477376716
15,threshold,4.0,0.01,0.032495635120403196,0.03244792427907131,2,896,896,0,0,0,-0.004823437051950672
15,threshold,4.0,0.1,0.032410330352591145,0.03244792427907131,2,896,896,0,0,0,-0.004823437051950672
15,threshold,4.0,0.5,0.032432185370092424,0.03244792427907131,2,896,896,0,0,0,-0.004823437051950672
16,ratio,2.5,0.01,0.02280944556138403,0.022522538349410166,3,893,810,0,42,41,0.0006982867935013717
16,ratio,2.5,0.1,0.022779603112903946,0.022522538349410166,3,893,810,0,42,41,0.0006982867935013717
16,ratio,2.5,0.5,0.022790999156635478,0.022522538349410166,3,893,810,0,42,41,0.0006982867935013717
16,ratio,3.0,0.01,0.02280944556138403,0.022522538349410166,3,893,810,0,42,41,0.0006982867935013717
16,ratio,3.0,0.1,0.022779603112903946,0.022522538349410166,3,893,810,0,42,41,0.0006982867935013717
16,ratio,3.0,0.5,0.022790999156635478,0.022522538349410166,3,893,810,0,42,41,0.0006982867935013717
16,ratio,4.0,0.01,0.02280944556138403,0.022522538349410166,3,893,810,0,42,41,0.0006982867935013717
16,ratio,4.0,0.1,0.022779603112903946,0.022522538349410166,3,893,810,0,42,41,0.0006982867935013717
16,ratio,4.0,0.5,0.022790999156635478,0.022522538349410166,3,893,810,0,42,41,0.0006982867935013717
16,threshold,2.5,0.01,0.03362172998036941,0.022522538349410166,4,893,860,0,27,6,-0.0033066048707876853
16,threshold,2.5,0.1,0.03265423096969274,0.022522538349410166,3,893,861,0,27,5,-0.003565445902576179
16,threshold,2.5,0.5,0.032608264119398066,0.022522538349410166,3,893,861,0,27,5,-0.003565445902576179
16,threshold,3.0,0.01,0.026629540434273707,0.022522538349410166,3,893,884,1,8,1,-0.0013010930400791465
16,threshold,3.0,0.1,0.026632198164411838,0.022522538349410166,3,893,884,1,8,1,-0.0013010930400791465
16,threshold,3.0,0.5,0.026642041756556645,0.022522538349410166,3,893,884,1,8,1,-0.0013010930400791465
16,threshold,4.0,0.01,0.02447495764817542,0.022522538349410166,3,893,893,3,0,0,0.00036278188645912
16,threshold,4.0,0.1,0.0244457251127822,0.022522538349410166,3,893,893,3,0,0,0.00036278188645912
16,threshold,4.0,0.5,0.02444922744341496,0.022522538349410166,3,893,893,3,0,0,0.00036278188645912
17,ratio,2.5,0.01,0.02565652843788148,0.016635029615987625,3,918,810,0,49,59,0.00591487066826718
17,ratio,2.5,0.1,0.025652571057978153,0.016635029615987625,3,918,810,0,49,59,0.00591487066826718
17,ratio,2.5,0.5,0.02561424640040384,0.016635029615987625,3,918,810,0,49,59,0.00591487066826718
17,ratio,3.0,0.01,0.02565652843788148,0.016635029615987625,3,918,810,0,49,59,0.00591487066826718
17,ratio,3.0,0.1,0.025652571057978153,0.016635029615987625,3,918,810,0,49,59,0.00591487066826718
17,ratio,3.0,0.5,0.02561424640040384,0.016635029615987625,3,918,810,0,49,59,0.00591487066826718
17,ratio,4.0,0.01,0.02565652843788148,0.016635029615987625,3,918,810,0,49,59,0.00591487066826718
17,ratio,4.0,0.1,0.022727056235827887,0.016635029615987625,2,918,899,1,19,0,-0.0016308321212583816
17,ratio,4.0,0.5,0.022736441414507556,0.016635029615987625,2,918,899,1,19,0,-0.0016308321212583816
17,threshold,2.5,0.01,0.02078289127136955,0.016635029615987625,3,918,885,0,26,7,-0.000839481366295394
17,threshold,2.5,0.1,0.020780024666382683,0.016635029615987625,3,918,885,0,26,7,-0.000839481366295394
17,threshold,2.5,0.5,0.02071635733162131,0.016635029615987625,3,918,885,0,26,7,-0.000839481366295394
17,threshold,3.0,0.01,0.017812071032437565,0.016635029615987625,3,918,905,0,10,3,0.0013755666700126744
17,threshold,3.0,0.1,0.017817874770360453,0.016635029615987625,3,918,905,0,10,3,0.0013755666700126744
17,threshold,3.0,0.5,0.01775149867480169,0.016635029615987625,3,918,905,0,10,3,0.0013755666700126744
17,threshold,4.0,0.01,0.022112173107440573,0.016635029615987625,3,918,918,2,0,0,0.0032487914417107596
17,threshold,4.0,0.1,0.0221166982799258,0.016635029615987625,3,918,918,2,0,0,0.0032487914417107596
17,threshold,4.0,0.5,0.0220977226878445,0.016635029615987625,3,918,918,2,0,0,0.0032487914417107596
18,ratio,2.5,0.01,0.016222251226815188,0.015612081056482817,3,900,810,0,46,44,-0.006183786487741222
18,ratio,2.5,0.1,0.016238799858396092,0.015612081056482817,3,900,810,0,46,44,-0.006183786487741222
18,ratio,2.5,0.5,0.016300721028349636,0.015612081056482817,3,900,810,0,46,44,-0.006183786487741222
18,ratio,3.0,0.01,0.016222251226815188,0.015612081056482817,3,900,810,0,46,44,-0.006183786487741222
18,ratio,3.0,0.1,0.016238799858396092,0.015612081056482817,3,900,810,0,46,44,-0.006183786487741222
18,ratio,3.0,0.5,0.016300721028349636,0.015612081056482817,3,900,810,0,46,44,-0.006183786487741222
18,ratio,4.0,0.01,0.015592517530199964,0.015612081056482817,2,900,900,0,0,0,-0.005335059739687761
18,ratio,4.0,0.1,0.015604699943720681,0.015612081056482817,2,900,900,0,0,0,-0.005335059739687761
18,ratio,4.0,0.5,0.015613282835913999,0.015612081056482817,2,900,900,0,0,0,-0.005335059739687761
18,threshold,2.5,0.01,0.021024329673652982,0.015612081056482817,4,900,832,0,63,5,-0.017144377842979557
18,threshold,2.5,0.1,0.02098925394643359,0.015612081056482817,4,900,832,0,63,5,-0.017144377842979557
18,threshold,2.5,0.5,0.021004039110454335,0.015612081056482817,4,900,832,0,63,5,-0.017144377842979557
18,threshold,3.0,0.01,0.017880250334549083,0.015612081056482817,3,900,882,0,16,2,-0.008795867189471394
18,threshold,3.0,0.1,0.017898295369858427,0.015612081056482817,3,900,882,0,16,2,-0.008795867189471394
18,threshold,3.0,0.5,0.017898507515208318,0.015612081056482817,3,900,882,0,16,2,-0.008795867189471394
18,threshold,4.0,0.01,0.015592517530199964,0.015612081056482817,2,900,900,0,0,0,-0.005335059739687761
18,threshold,4.0,0.1,0.015604699943720681,0.015612081056482817,2,900,900,0,0,0,-0.005335059739687761
18,threshold,4.0,0.5,0.015613282835913999,0.015612081056482817,2,900,900,0,0,0,-0.005335059739687761
19,ratio,2.5,0.01,0.021850298281425047,0.013385855155923955,3,891,810,0,41,40,-0.004050708169548056
19,ratio,2.5,0.1,0.021850160626257754,0.013385855155923955,3,891,810,0,41,40,-0.004050708169548056
19,ratio,2.5,0.5,0.021837887339159076,0.013385855155923955,3,891,810,0,41,40,-0.004050708169548056
19,ratio,3.0,0.01,0.021850298281425047,0.013385855155923955,3,891,810,0,41,40,-0.004050708169548056
19,ratio,3.0,0.1,0.021850160626257754,0.013385855155923955,3,891,810,0,41,40,-0.004050708169548056
19,ratio,3.0,0.5,0.021837887339159076,0.013385855155923955,3,891,810,0,41,40,-0.004050708169548056
19,ratio,4.0,0.01,0.021850298281425047,0.013385855155923955,3,891,810,0,41,40,-0.004050708169548056
19,ratio,4.0,0.1,0.021850160626257754,0.013385855155923955,3,891,810,0,41,40,-0.004050708169548056
19,ratio,4.0,0.5,0.021837887339159076,0.013385855155923955,3,891,810,0,41,40,-0.004050708169548056
19,threshold,2.5,0.01,0.017942864402913657,0.013385855155923955,3,891,844,0,40,7,-0.010365425600918063
19,threshold,2.5,0.1,0.017886510089154647,0.013385855155923955,3,891,844,0,40,7,-0.010365425600918063
19,threshold,2.5,0.5,0.01793580475110281,0.013385855155923955,3,891,844,0,40,7,-0.010365425600918063
19,threshold,3.0,0.01,0.0206069124431355,0.013385855155923955,4,891,880,1,11,0,-0.006574990933994883
19,threshold,3.0,0.1,0.02062422109854679,0.013385855155923955,4,891,880,1,11,0,-0.006574990933994883
19,threshold,3.0,0.5,0.020640933919623995,0.013385855155923955,4,891,880,1,11,0,-0.006574990933994883
19,threshold,4.0,0.01,0.02190069875361164,0.013385855155923955,3,891,890,5,1,0,-0.0037801437083568234
19,threshold,4.0,0.1,0.021902029389988954,0.013385855155923955,3,891,890,5,1,0,-0.0037801437083568234
19,threshold,4.0,0.5,0.021887786753275032,0.013385855155923955,3,891,890,5,1,0,-0.0037801437083568234
20,ratio,2.5,0.01,0.019969780231092207,0.030175963770454475,3,907,809,1,51,47,-0.0026855895972540235
20,ratio,2.5,0.1,0.02003969858061393,0.030175963770454475,3,907,809,1,51,47,-0.0026855895972540235
20,ratio,2.5,0.5,0.020049058253721257,0.030175963770454475,3,907,809,1,51,47,-0.0026855895972540235
20,ratio,3.0,0.01,0.019969780231092207,0.030175963770454475,3,907,809,1,51,47,-0.0026855895972540235
20,ratio,3.0,0.1,0.02003969858061393,0.030175963770454475,3,907,809,1,51,47,-0.0026855895972540235
20,ratio,3.0,0.5,0.020049058253721257,0.030175963770454475,3,907,809,1,51,47,-0.0026855895972540235
20,ratio,4.0,0.01,0.027984129260887353,0.030175963770454475,2,907,897,3,10,0,-0.004089444195222758
20,ratio,4.0,0.1,0.027977288553818525,0.030175963770454475,2,907,897,3,10,0,-0.004089444195222758
20,ratio,4.0,0.5,0.02794688104431661,0.030175963770454475,2,907,897,3,10,0,-0.004089444195222758
20,threshold,2.5,0.01,0.03430699915086633,0.030175963770454475,4,907,865,1,36,6,-0.007744964944265029
20,threshold,2.5,0.1,0.03431503684624591,0.030175963770454475,4,907,865,1,36,6,-0.007744964944265029
20,threshold,2.5,0.5,0.03429626833124337,0.030175963770454475,4,907,865,1,36,6,-0.007744964944265029
20,threshold,3.0,0.01,0.02523393583546293,0.030175963770454475,4,907,896,2,10,1,-0.0039040744815799487
20,threshold,3.0,0.1,0.025246860517769008,0.030175963770454475,4,907,896,2,10,1,-0.0039040744815799487
20,threshold,3.0,0.5,0.025267677908356077,0.030175963770454475,4,907,896,2,10,1,-0.0039040744815799487
20,threshold,4.0,0.01,0.033331592949954934,0.030175963770454475,3,907,907,3,0,0,-0.001464682053018592
20,threshold,4.0,0.1,0.03333117533868952,0.030175963770454475,3,907,907,3,0,0,-0.001464682053018592
20,threshold,4.0,0.5,0.033395029036179254,0.030175963770454475,3,907,907,3,0,0,-0.001464682053018592
