seed,n_outliers,Oracle,Naive,ratio,ratio_clean_kept,ratio_outliers_left,ratio_stopped,readmit,readmit_clean_kept,readmit_outliers_left,readmit_stopped
41,99,0.011812060187315773,0.2049273361914745,0.017433459723222133,810,0,True,0.011471712364421448,895,0,True
42,103,0.004222521237836185,0.3238756963305116,0.003285173741339851,810,0,True,0.002158409663990191,896,0,True
43,107,0.029659442543091323,0.266871522813679,0.03083565165402467,810,0,True,0.032528368806975926,891,0,True
44,112,0.020945536768699927,0.2779681008889958,0.012242803802508693,810,0,True,0.02122061349009606,886,1,True
45,100,0.00956890904512889,0.26176550996231357,0.012470531974471646,810,0,True,0.009565083402663684,900,0,True
46,80,0.02806893884158344,0.19785494111903895,0.03493656843473253,810,0,True,0.0260669145037724,917,1,True
47,109,0.01852913917341831,0.21230280387419181,0.02408398767814377,810,0,True,0.023480096810061184,887,0,True
48,102,0.02099904969394527,0.18106028957538814,0.02782880112533086,810,0,True,0.024537332890437028,895,1,True
49,118,0.023727541573305463,0.3151414813350966,0.02112551496913949,810,0,True,0.02288336511107353,881,0,True
50,118,0.020179685833149715,0.27619787289982595,0.021911762040035695,810,0,True,0.02127722917350883,877,0,True
51,97,0.02003357830559678,0.25661125077387753,0.018981548403697975,810,0,True,0.021133043519622335,900,1,True
52,98,0.020019781181841348,0.16953630042015128,0.03084336070724787,809,1,True,0.02047929034565075,894,2,True
53,95,0.020292948682852897,0.21257751942363198,0.01672734332624007,810,0,True,0.019795581661151758,903,1,True
54,110,0.016211054922983113,0.4116696751128582,0.01102989007133476,810,0,True,0.01400695456950031,887,0,True
55,100,0.005018106515742206,0.2034172076561192,0.006909971876902062,810,0,True,0.007286196502728128,896,0,True
56,87,0.009158145964784349,0.2727307848089987,0.009355632709713842,900,0,True,0.00834277795915458,912,0,True
57,96,0.022957914070772426,0.31382773013150306,0.03775393863493629,809,1,True,0.02579499454904443,898,1,True
58,105,0.008581027507008994,0.29127856145571535,0.01745167453163864,810,0,True,0.007321681942519471,892,0,True
59,105,0.02345606276098457,0.33829099254805733,0.03431766472768402,810,0,True,0.025555665365512945,893,0,True
60,84,0.014778265955287128,0.37385564164070256,0.012880218883191201,810,0,True,0.01691738313691791,913,0,False
61,89,0.0075000055322685865,0.22185506861418422,0.017731910673931265,810,0,True,0.005111922241116121,909,0,True
62,100,0.011608241378301722,0.17729461104262959,0.014636770372743708,810,0,True,0.009375979968333645,897,0,True
63,90,0.024000397780330033,0.22285457179329887,0.029308675644991573,900,0,True,0.023983331082327145,910,0,True
64,89,0.005923089898070631,0.2162483691423599,0.012760616797627461,810,0,True,0.0047915931958554085,909,1,True
65,108,0.012605770756369344,0.13751387134332227,0.019087113972366742,810,0,True,0.01621367392376594,887,0,True
66,99,0.018857680972694732,0.1926902697066487,0.012207558265861175,810,0,True,0.01559736025421702,899,1,True
67,103,0.022117028665159303,0.3595425137884873,0.020814077492607053,810,0,True,0.020525549820084716,889,0,True
68,105,0.020431513481113748,0.24372671572460486,0.034537604995065745,810,0,True,0.022955001603506917,892,0,True
69,105,0.012211978533407906,0.22524755494515944,0.014681641895599421,810,0,True,0.012794391129897598,895,1,True
70,103,0.022843855331971648,0.19142918937519512,0.012878745892851646,809,1,True,0.019213254036032176,896,1,True
71,97,0.01752599914259034,0.23659091054074052,0.01609059239265434,810,0,True,0.018328914705875082,899,0,False
72,101,0.017267170454819826,0.3184594273543813,0.022954355515962088,810,0,True,0.016141962112081965,898,0,False
73,101,0.018752673459351898,0.288869279635973,0.026122868716615722,810,0,True,0.023078730528036648,894,0,True
74,102,0.009572538313995559,0.23869269116815942,0.010466640705912507,810,0,True,0.00755357959571008,894,0,True
75,84,0.010069056677875847,0.15160416434227403,0.013618677655421923,810,0,True,0.008474839825796561,914,0,True
76,92,0.013427059802161637,0.21598724623546628,0.017942220299435287,810,0,True,0.011658838706015045,907,0,True
77,90,0.012691717541309672,0.10391843033487504,0.011226271653501757,810,0,True,0.011330509085586695,908,3,True
78,82,0.021707616353639783,0.2000160813786579,0.032687411787799596,810,0,True,0.021724440124019605,918,0,True
79,93,0.017781458362135023,0.1745363581724082,0.017442331330005795,810,0,True,0.02083794808985906,904,1,True
80,90,0.014730655571706393,0.24385292898120503,0.014270938269265008,810,0,True,0.014587345512045892,907,0,True
81,109,0.019976134506232292,0.40571179810772195,0.017819769465275265,810,0,True,0.02034634730383763,889,1,True
82,100,0.017052733520791768,0.06203971382238095,0.031932103732043575,807,3,True,0.021940339974022022,899,8,True
83,98,0.01115294335916497,0.2988666727747052,0.017143432671817303,810,0,True,0.012402397558260529,896,0,True
84,93,0.025722560151032185,0.267656221100743,0.03158161888011595,810,0,True,0.025960453655110145,905,0,True
85,114,0.028713300357641722,0.20531956861665196,0.024239962661462024,809,1,True,0.025712636524577982,884,2,True
86,100,0.012909031803289906,0.22893396756199189,0.0074743256342328064,810,0,True,0.01749661628838456,896,0,True
87,89,0.007884405076057147,0.2584812198939618,0.010605890817480422,810,0,True,0.009384300558931732,906,0,True
88,109,0.007019168176455292,0.39957613815763104,0.008759827774981037,810,0,True,0.007312515597789353,890,0,True
89,96,0.010124411941500195,0.3282044819607676,0.012450238452402066,810,0,True,0.01046936238552211,903,0,True
90,110,0.01592290353729562,0.30382995227685194,0.026125606223084845,810,0,True,0.02017241972973674,886,0,True
91,122,0.01636489641687637,0.2796652220644536,0.0272684650377947,810,0,True,0.02058839800964118,874,0,True
92,100,0.023394670196066444,0.19907799652078462,0.01735858857264059,810,0,True,0.03506670782057808,896,3,False
93,89,0.004856951533349095,0.30477779746742756,0.020193896366129917,810,0,True,0.005877438412086923,909,0,False
94,102,0.02432481353039025,0.21768245859664412,0.021065242740915157,810,0,True,0.01933030494457041,895,0,True
95,102,0.029062304685021145,0.24659116947339754,0.0294718832531218,810,0,True,0.03164084844141364,897,0,True
96,108,0.02481509758771951,0.31936462454013526,0.026164244697061245,810,0,True,0.024363432958827,891,0,True
97,106,0.007397689068914304,0.26484691624547596,0.008108684149507848,810,0,True,0.00802244492229712,893,0,True
98,101,0.013338265036662213,0.25026412165097733,0.008861777036777804,809,1,True,0.015262292589042747,897,1,False
99,101,0.010332025464335563,0.13045152716557532,0.010535659948957134,810,0,True,0.010573787453243553,897,1,True
100,112,0.017341592022986706,0.19276121569575874,0.015563057983700614,810,0,True,0.011365512602563372,885,3,True
101,103,0.014823737561925907,0.1110555176710594,0.011671220617476146,810,0,True,0.013707188861971954,897,1,True
102,84,0.028004711475384268,0.23137256768956665,0.02738796723467008,810,0,True,0.028538716874004687,915,1,True
103,103,0.02023011715984221,0.26588493975554284,0.0246293244380944,810,0,True,0.022182745527503562,892,0,True
104,92,0.025499061874535017,0.3181779903383021,0.03682830958801233,810,0,True,0.026368670313155953,904,0,True
105,107,0.00665219553401261,0.37683792369344793,0.010039559872797572,810,0,True,0.007852522025285273,889,0,True
106,103,0.010978498923839706,0.18829779147291267,0.016183815144771067,810,0,True,0.010972055891099949,897,0,True
107,108,0.01814806280077744,0.24667909745283076,0.02538942735329373,810,0,True,0.01858866804187789,890,0,True
108,105,0.010281797807167783,0.3479877804561628,0.010755355453533138,810,0,True,0.015422225667270178,887,0,False
109,104,0.035429596344434024,0.2985071182038103,0.028607757049496824,810,0,True,0.034753117861506984,894,0,True
110,106,0.029177220324308716,0.21518279794567027,0.02559845245511625,810,0,True,0.029491705685260997,891,0,False
111,103,0.024105032481692275,0.20321435416479453,0.02322697418134692,810,0,True,0.024576655842421243,895,0,True
112,98,0.017087008618303146,0.26893181339507977,0.017098794568067954,810,0,True,0.015402551743584245,899,0,True
113,83,0.01226372419703331,0.2258435308566741,0.014959081655719356,810,0,True,0.011200972783707883,910,0,True
114,125,0.02123986536554438,0.32763270470925066,0.018809519018083504,810,0,True,0.014885540329431311,869,0,True
115,108,0.027163449973541486,0.16113585538751826,0.0300056308341308,810,0,True,0.02745220932587133,890,0,True
116,85,0.0052460701527080955,0.20416157640820806,0.012760330964417397,900,0,True,0.004687136994728539,914,0,True
117,103,0.016999169625108966,0.20680498715007192,0.03126221545660873,810,0,True,0.015559769748733989,892,1,True
118,111,0.010147815503470685,0.33443576098196115,0.018722482210187196,810,0,True,0.010045723367915631,887,0,True
119,86,0.022006060012991092,0.08500115989997113,0.021564319207269176,809,1,True,0.020995382085303712,911,1,True
120,100,0.027324533579705847,0.19621902291273105,0.031791166578450034,810,0,True,0.029086439353177236,895,0,False
121,103,0.02342700598920357,0.3017724780522173,0.02176320200573417,809,1,True,0.026393370468780774,895,1,True
122,96,0.011002486249456232,0.25218334635909917,0.013771332883524553,810,0,True,0.012951392205533261,900,0,True
123,82,0.020839102207836645,0.23448186415988875,0.01383702423225057,810,0,True,0.02007481383527507,917,0,True
124,92,0.011479534020762313,0.18065300382719152,0.02377344258404255,810,0,True,0.014139625556938557,905,0,True
125,96,0.010877499652293779,0.19955444988553192,0.013445217101212296,810,0,True,0.008331073796318306,902,0,True
126,95,0.022787572189528038,0.3914965304896418,0.031367212237827916,810,0,True,0.019737015247182205,902,0,True
127,104,0.013371204805553696,0.25117039143828784,0.006586739858337749,810,0,True,0.01173205871713918,893,1,True
128,99,0.011204669598163412,0.2323030645781286,0.013718252314839747,810,0,True,0.012756812354384082,896,0,True
129,116,0.03396997124244429,0.28784155247542303,0.0491126123180459,810,0,True,0.03252677428457177,883,0,True
130,89,0.014962476992144588,0.29055786939358585,0.025317389490450252,810,0,True,0.015683215070042483,909,0,True
131,95,0.016226297590203394,0.30250078503483535,0.01149955699915127,810,0,True,0.012863471806912524,901,0,True
132,105,0.011093797501113776,0.19573492738058848,0.01131106779790583,810,0,True,0.012251308039607502,891,1,True
133,92,0.01868848033049066,0.3225093023804932,0.0194540465715873,810,0,True,0.018522062712737847,904,0,True
134,89,0.0257089069105129,0.1398245453899092,0.02703972001114079,810,0,True,0.025975136058022395,910,0,True
135,110,0.01231602074523932,0.2180950003494971,0.008495712733499947,810,0,True,0.008536613394155354,886,1,True
136,96,0.014698773664041912,0.20922113558620772,0.02404212521027953,810,0,True,0.010377269660916339,902,0,True
137,109,0.03548322915317071,0.2431500510920868,0.027835707026052738,810,0,True,0.033176531829727886,887,0,True
138,118,0.006992245998919922,0.25553657883254116,0.014077318049228484,810,0,True,0.0064323778327874575,880,0,True
139,113,0.02119821054653688,0.23714486565095533,0.0179343854837709,810,0,True,0.019831147749565747,882,0,False
140,111,0.011792014267320199,0.31366765080613457,0.031579619042080447,810,0,True,0.013115910404001774,886,0,False
